Time, Global Time,Voltage
µsec, lmao,V
1, 1,1.0000000
1000000, 1,10
930159,0/0/0_0:0:0.0,121
1931937,0/0/0_0:0:0.0,121
2941925,0/0/0_0:0:0.0,121
4105020,0/0/0_0:0:0.0,121
5451934,0/0/0_0:0:0.0,121
6461940,0/0/0_0:0:0.0,121
7471931,0/0/0_0:0:0.0,121
8481917,0/0/0_0:0:0.0,121
9491932,0/0/0_0:0:0.0,120
10501933,0/0/0_0:0:0.0,121
11511926,0/0/0_0:0:0.0,121
12521923,0/0/0_0:0:0.0,120
13531933,0/0/0_0:0:0.0,120
14541927,0/0/0_0:0:0.0,120
15551923,0/0/0_0:0:0.0,120
16561927,0/0/0_0:0:0.0,120
17571924,0/0/0_0:0:0.0,120
18581928,0/0/0_0:0:0.0,120
19591936,0/0/0_0:0:0.0,120
20601934,0/0/0_0:0:0.0,120
21611934,0/0/0_0:0:0.0,120
22621931,0/0/0_0:0:0.0,120
23631926,0/0/0_0:0:0.0,120
24641933,0/0/0_0:0:0.0,120
25651935,0/0/0_0:0:0.0,120
26661931,0/0/0_0:0:0.0,120
27671931,0/0/0_0:0:0.0,120
28681930,0/0/0_0:0:0.0,120
29691934,0/0/0_0:0:0.0,120
30701936,0/0/0_0:0:0.0,120
31711925,0/0/0_0:0:0.0,120
32721933,0/0/0_0:0:0.0,120
33741931,0/0/0_0:0:0.0,120
34751934,0/0/0_0:0:0.0,120
35761939,0/0/0_0:0:0.0,120
36771931,0/0/0_0:0:0.0,120
37781926,0/0/0_0:0:0.0,120
38791926,0/0/0_0:0:0.0,120
39801939,0/0/0_0:0:0.0,120
40811926,0/0/0_0:0:0.0,120
41821925,0/0/0_0:0:0.0,120
42831937,0/0/0_0:0:0.0,120
43841933,0/0/0_0:0:0.0,120
44851925,0/0/0_0:0:0.0,120
45861934,0/0/0_0:0:0.0,120
46871924,0/0/0_0:0:0.0,120
47881936,0/0/0_0:0:0.0,120
Time, Global Time,Voltage
µsec, lmao,V
1, 1,1.0000000
1000000, 1,10
942849,0/0/0_0:0:0.0,123
1941929,0/0/0_0:0:0.0,123
2951932,0/0/0_0:0:0.0,123
3961939,0/0/0_0:0:0.0,123
4971928,0/0/0_0:0:0.0,123
5981928,0/0/0_0:0:0.0,123
6987498,0/0/0_0:0:0.0,124
7991934,0/0/0_0:0:0.0,124
9001938,0/0/0_0:0:0.0,124
10011923,0/0/0_0:0:0.0,124
11021930,0/0/0_0:0:0.0,124
12031929,0/0/0_0:0:0.0,124
13041919,0/0/0_0:0:0.0,124
14061928,0/0/0_0:0:0.0,124
15071929,0/0/0_0:0:0.0,124
16071928,0/0/0_0:0:0.0,124
17081930,0/0/0_0:0:0.0,124
18091927,0/0/0_0:0:0.0,124
19101928,0/0/0_0:0:0.0,124
20111929,0/0/0_0:0:0.0,125
21121928,0/0/0_0:0:0.0,125
22131945,0/0/0_0:0:0.0,125
23141936,0/0/0_0:0:0.0,125
24151918,0/0/0_0:0:0.0,125
25161939,0/0/0_0:0:0.0,125
26171946,0/0/0_0:0:0.0,125
27181923,0/0/0_0:0:0.0,125
28191936,0/0/0_0:0:0.0,125
29201928,0/0/0_0:0:0.0,125
30211923,0/0/0_0:0:0.0,125
31221927,0/0/0_0:0:0.0,125
32231928,0/0/0_0:0:0.0,125
33241928,0/0/0_0:0:0.0,126
34251926,0/0/0_0:0:0.0,126
35261928,0/0/0_0:0:0.0,126
36271923,0/0/0_0:0:0.0,126
37281925,0/0/0_0:0:0.0,126
38291928,0/0/0_0:0:0.0,126
39301928,0/0/0_0:0:0.0,126
40311933,0/0/0_0:0:0.0,126
41321933,0/0/0_0:0:0.0,126
42331928,0/0/0_0:0:0.0,126
43401952,0/0/0_0:0:0.0,126
44441935,0/0/0_0:0:0.0,126
45491928,0/0/0_0:0:0.0,126
46501928,0/0/0_0:0:0.0,126
47511935,0/0/0_0:0:0.0,126
48521936,0/0/0_0:0:0.0,126
49531932,0/0/0_0:0:0.0,126
50541935,0/0/0_0:0:0.0,126
51551928,0/0/0_0:0:0.0,126
52561935,0/0/0_0:0:0.0,126
53571930,0/0/0_0:0:0.0,126
54581928,0/0/0_0:0:0.0,126
55591935,0/0/0_0:0:0.0,126
56601933,0/0/0_0:0:0.0,126
57611930,0/0/0_0:0:0.0,127
58621933,0/0/0_0:0:0.0,127
59631935,0/0/0_0:0:0.0,127
60641925,0/0/0_0:0:0.0,127
61651937,0/0/0_0:0:0.0,127
62661935,0/0/0_0:0:0.0,127
63671928,0/0/0_0:0:0.0,127
64681933,0/0/0_0:0:0.0,127
65691925,0/0/0_0:0:0.0,127
66701930,0/0/0_0:0:0.0,127
67711935,0/0/0_0:0:0.0,127
68721935,0/0/0_0:0:0.0,127
69731935,0/0/0_0:0:0.0,127
70791935,0/0/0_0:0:0.0,127
71811928,0/0/0_0:0:0.0,127
72821926,0/0/0_0:0:0.0,127
73831936,0/0/0_0:0:0.0,127
74841934,0/0/0_0:0:0.0,127
75851925,0/0/0_0:0:0.0,127
76861938,0/0/0_0:0:0.0,127
77871935,0/0/0_0:0:0.0,127
78881936,0/0/0_0:0:0.0,127
79891935,0/0/0_0:0:0.0,127
80901926,0/0/0_0:0:0.0,127
81911935,0/0/0_0:0:0.0,127
82921934,0/0/0_0:0:0.0,127
83931933,0/0/0_0:0:0.0,127
84941935,0/0/0_0:0:0.0,128
85951926,0/0/0_0:0:0.0,128
86961935,0/0/0_0:0:0.0,128
87971933,0/0/0_0:0:0.0,128
88981928,0/0/0_0:0:0.0,128
89991940,0/0/0_0:0:0.0,128
91001935,0/0/0_0:0:0.0,128
92011935,0/0/0_0:0:0.0,128
93021932,0/0/0_0:0:0.0,128
94031935,0/0/0_0:0:0.0,128
95041934,0/0/0_0:0:0.0,128
96051932,0/0/0_0:0:0.0,128
97061934,0/0/0_0:0:0.0,128
98071935,0/0/0_0:0:0.0,128
99401935,0/0/0_0:0:0.0,128
100411935,0/0/0_0:0:0.0,128
101421918,0/0/0_0:0:0.0,128
102431933,0/0/0_0:0:0.0,128
103441934,0/0/0_0:0:0.0,128
104451919,0/0/0_0:0:0.0,128
105461938,0/0/0_0:0:0.0,128
106471935,0/0/0_0:0:0.0,128
107481935,0/0/0_0:0:0.0,128
108491924,0/0/0_0:0:0.0,128
109501935,0/0/0_0:0:0.0,128
110511919,0/0/0_0:0:0.0,128
111521919,0/0/0_0:0:0.0,128
112531933,0/0/0_0:0:0.0,128
113541932,0/0/0_0:0:0.0,128
114551921,0/0/0_0:0:0.0,128
115561919,0/0/0_0:0:0.0,128
116571933,0/0/0_0:0:0.0,128
117581919,0/0/0_0:0:0.0,128
118591937,0/0/0_0:0:0.0,128
119601935,0/0/0_0:0:0.0,128
120611917,0/0/0_0:0:0.0,128
121621933,0/0/0_0:0:0.0,128
122631934,0/0/0_0:0:0.0,128
123641935,0/0/0_0:0:0.0,128
124651919,0/0/0_0:0:0.0,128
125661935,0/0/0_0:0:0.0,128
126671937,0/0/0_0:0:0.0,128
127681930,0/0/0_0:0:0.0,128
128691930,0/0/0_0:0:0.0,128
129701931,0/0/0_0:0:0.0,128
130711917,0/0/0_0:0:0.0,128
131721935,0/0/0_0:0:0.0,128
132727542,0/0/0_0:0:0.0,128
133741926,0/0/0_0:0:0.0,128
134751934,0/0/0_0:0:0.0,128
135761932,0/0/0_0:0:0.0,128
136771922,0/0/0_0:0:0.0,128
137781935,0/0/0_0:0:0.0,128
138791935,0/0/0_0:0:0.0,129
139801933,0/0/0_0:0:0.0,128
140811927,0/0/0_0:0:0.0,128
141821935,0/0/0_0:0:0.0,128
142831933,0/0/0_0:0:0.0,127
143841917,0/0/0_0:0:0.0,127
144851938,0/0/0_0:0:0.0,127
145861930,0/0/0_0:0:0.0,127
146871935,0/0/0_0:0:0.0,127
147881919,0/0/0_0:0:0.0,127
148891933,0/0/0_0:0:0.0,127
149901933,0/0/0_0:0:0.0,127
150911932,0/0/0_0:0:0.0,127
151921935,0/0/0_0:0:0.0,127
152931917,0/0/0_0:0:0.0,127
153941930,0/0/0_0:0:0.0,127
155031935,0/0/0_0:0:0.0,127
156041918,0/0/0_0:0:0.0,127
157051933,0/0/0_0:0:0.0,127
158061933,0/0/0_0:0:0.0,127
159071917,0/0/0_0:0:0.0,127
160081933,0/0/0_0:0:0.0,127
161091918,0/0/0_0:0:0.0,127
162101919,0/0/0_0:0:0.0,127
163111935,0/0/0_0:0:0.0,127
164121919,0/0/0_0:0:0.0,127
165131936,0/0/0_0:0:0.0,127
166141935,0/0/0_0:0:0.0,127
167151919,0/0/0_0:0:0.0,127
168161919,0/0/0_0:0:0.0,127
169171933,0/0/0_0:0:0.0,127
170181935,0/0/0_0:0:0.0,127
171191917,0/0/0_0:0:0.0,127
172201933,0/0/0_0:0:0.0,127
173211933,0/0/0_0:0:0.0,127
174221922,0/0/0_0:0:0.0,127
175231919,0/0/0_0:0:0.0,127
176237410,0/0/0_0:0:0.0,127
177251930,0/0/0_0:0:0.0,127
178261918,0/0/0_0:0:0.0,127
179271917,0/0/0_0:0:0.0,127
180281935,0/0/0_0:0:0.0,127
181291935,0/0/0_0:0:0.0,127
182361917,0/0/0_0:0:0.0,127
183531933,0/0/0_0:0:0.0,127
184541919,0/0/0_0:0:0.0,127
185551919,0/0/0_0:0:0.0,127
186561935,0/0/0_0:0:0.0,127
187571935,0/0/0_0:0:0.0,127
188581917,0/0/0_0:0:0.0,127
189591933,0/0/0_0:0:0.0,127
190601930,0/0/0_0:0:0.0,127
191611935,0/0/0_0:0:0.0,127
192621935,0/0/0_0:0:0.0,127
193631932,0/0/0_0:0:0.0,127
194641937,0/0/0_0:0:0.0,127
195651935,0/0/0_0:0:0.0,127
196661933,0/0/0_0:0:0.0,127
197671919,0/0/0_0:0:0.0,127
198681938,0/0/0_0:0:0.0,127
199691937,0/0/0_0:0:0.0,127
200701933,0/0/0_0:0:0.0,127
201711932,0/0/0_0:0:0.0,127
202721917,0/0/0_0:0:0.0,127
203731928,0/0/0_0:0:0.0,127
204741930,0/0/0_0:0:0.0,127
205751919,0/0/0_0:0:0.0,127
206761919,0/0/0_0:0:0.0,127
207771938,0/0/0_0:0:0.0,127
208781919,0/0/0_0:0:0.0,127
209791919,0/0/0_0:0:0.0,127
210801933,0/0/0_0:0:0.0,127
211811917,0/0/0_0:0:0.0,127
212821935,0/0/0_0:0:0.0,127
213831930,0/0/0_0:0:0.0,127
214841917,0/0/0_0:0:0.0,127
215851935,0/0/0_0:0:0.0,127
216861933,0/0/0_0:0:0.0,127
217871933,0/0/0_0:0:0.0,127
218881935,0/0/0_0:0:0.0,127
219891933,0/0/0_0:0:0.0,127
220901917,0/0/0_0:0:0.0,127
221911924,0/0/0_0:0:0.0,127
222921935,0/0/0_0:0:0.0,127
223941917,0/0/0_0:0:0.0,127
224951935,0/0/0_0:0:0.0,127
225961921,0/0/0_0:0:0.0,126
226971924,0/0/0_0:0:0.0,126
227981933,0/0/0_0:0:0.0,126
228991919,0/0/0_0:0:0.0,124
230001934,0/0/0_0:0:0.0,108
231011918,0/0/0_0:0:0.0,121
232021935,0/0/0_0:0:0.0,122
233031933,0/0/0_0:0:0.0,123
234041935,0/0/0_0:0:0.0,123
235051919,0/0/0_0:0:0.0,124
236061916,0/0/0_0:0:0.0,124
237071922,0/0/0_0:0:0.0,124
238081933,0/0/0_0:0:0.0,124
239091924,0/0/0_0:0:0.0,124
240101931,0/0/0_0:0:0.0,125
241111937,0/0/0_0:0:0.0,124
242121935,0/0/0_0:0:0.0,124
243131935,0/0/0_0:0:0.0,123
244141918,0/0/0_0:0:0.0,125
245151922,0/0/0_0:0:0.0,125
246161934,0/0/0_0:0:0.0,125
247171933,0/0/0_0:0:0.0,125
248181933,0/0/0_0:0:0.0,124
249191935,0/0/0_0:0:0.0,124
250201935,0/0/0_0:0:0.0,125
251211943,0/0/0_0:0:0.0,125
252221930,0/0/0_0:0:0.0,125
253231932,0/0/0_0:0:0.0,125
254241914,0/0/0_0:0:0.0,125
255251920,0/0/0_0:0:0.0,125
256261926,0/0/0_0:0:0.0,125
257271933,0/0/0_0:0:0.0,125
258281926,0/0/0_0:0:0.0,125
259291935,0/0/0_0:0:0.0,125
260301926,0/0/0_0:0:0.0,125
261311926,0/0/0_0:0:0.0,126
262321924,0/0/0_0:0:0.0,125
263331933,0/0/0_0:0:0.0,125
264341934,0/0/0_0:0:0.0,126
265400261,0/0/0_0:0:0.0,125
266811935,0/0/0_0:0:0.0,125
267821933,0/0/0_0:0:0.0,126
268831926,0/0/0_0:0:0.0,126
269841926,0/0/0_0:0:0.0,125
270851937,0/0/0_0:0:0.0,125
271861940,0/0/0_0:0:0.0,125
272871927,0/0/0_0:0:0.0,125
273881924,0/0/0_0:0:0.0,126
274891918,0/0/0_0:0:0.0,126
275901935,0/0/0_0:0:0.0,125
276911926,0/0/0_0:0:0.0,126
277921930,0/0/0_0:0:0.0,126
278931934,0/0/0_0:0:0.0,126
279941932,0/0/0_0:0:0.0,126
280951924,0/0/0_0:0:0.0,125
281961935,0/0/0_0:0:0.0,125
282971935,0/0/0_0:0:0.0,125
283981932,0/0/0_0:0:0.0,125
284991938,0/0/0_0:0:0.0,125
286001935,0/0/0_0:0:0.0,125
287011937,0/0/0_0:0:0.0,126
288021937,0/0/0_0:0:0.0,125
289031936,0/0/0_0:0:0.0,125
290041935,0/0/0_0:0:0.0,125
291051927,0/0/0_0:0:0.0,126
292061925,0/0/0_0:0:0.0,126
293071933,0/0/0_0:0:0.0,126
294081932,0/0/0_0:0:0.0,125
295091922,0/0/0_0:0:0.0,126
296101935,0/0/0_0:0:0.0,126
297111937,0/0/0_0:0:0.0,126
298121925,0/0/0_0:0:0.0,126
299131924,0/0/0_0:0:0.0,126
300141933,0/0/0_0:0:0.0,126
301151935,0/0/0_0:0:0.0,126
302161935,0/0/0_0:0:0.0,126
303171935,0/0/0_0:0:0.0,126
304181937,0/0/0_0:0:0.0,126
305191924,0/0/0_0:0:0.0,126
306231918,0/0/0_0:0:0.0,126
307261924,0/0/0_0:0:0.0,126
308331918,0/0/0_0:0:0.0,126
309351926,0/0/0_0:0:0.0,126
310361937,0/0/0_0:0:0.0,127
311371929,0/0/0_0:0:0.0,126
312381925,0/0/0_0:0:0.0,126
313391933,0/0/0_0:0:0.0,127
314401926,0/0/0_0:0:0.0,127
315411926,0/0/0_0:0:0.0,126
316421927,0/0/0_0:0:0.0,126
317431923,0/0/0_0:0:0.0,126
318441924,0/0/0_0:0:0.0,126
319451926,0/0/0_0:0:0.0,126
320461933,0/0/0_0:0:0.0,126
321481935,0/0/0_0:0:0.0,126
322491933,0/0/0_0:0:0.0,126
323501935,0/0/0_0:0:0.0,126
324511936,0/0/0_0:0:0.0,126
325521935,0/0/0_0:0:0.0,126
326531933,0/0/0_0:0:0.0,126
327541935,0/0/0_0:0:0.0,126
328551937,0/0/0_0:0:0.0,126
329561935,0/0/0_0:0:0.0,126
330571926,0/0/0_0:0:0.0,126
331581933,0/0/0_0:0:0.0,126
332591935,0/0/0_0:0:0.0,126
333601931,0/0/0_0:0:0.0,126
334611918,0/0/0_0:0:0.0,127
335621935,0/0/0_0:0:0.0,126
336631933,0/0/0_0:0:0.0,126
337641923,0/0/0_0:0:0.0,126
338651929,0/0/0_0:0:0.0,126
339661933,0/0/0_0:0:0.0,126
340671928,0/0/0_0:0:0.0,127
341681935,0/0/0_0:0:0.0,126
342701929,0/0/0_0:0:0.0,126
343707379,0/0/0_0:0:0.0,126
344711924,0/0/0_0:0:0.0,126
345721933,0/0/0_0:0:0.0,126
346731929,0/0/0_0:0:0.0,126
347741935,0/0/0_0:0:0.0,126
349411933,0/0/0_0:0:0.0,126
350421933,0/0/0_0:0:0.0,126
351431934,0/0/0_0:0:0.0,126
352441937,0/0/0_0:0:0.0,126
353451937,0/0/0_0:0:0.0,126
354461933,0/0/0_0:0:0.0,126
355471940,0/0/0_0:0:0.0,126
356491924,0/0/0_0:0:0.0,127
357501935,0/0/0_0:0:0.0,127
358511925,0/0/0_0:0:0.0,126
359521935,0/0/0_0:0:0.0,127
360531934,0/0/0_0:0:0.0,127
361551935,0/0/0_0:0:0.0,127
362561918,0/0/0_0:0:0.0,126
363571935,0/0/0_0:0:0.0,127
364581933,0/0/0_0:0:0.0,127
365591939,0/0/0_0:0:0.0,127
366601935,0/0/0_0:0:0.0,127
367611926,0/0/0_0:0:0.0,127
368621933,0/0/0_0:0:0.0,127
369631919,0/0/0_0:0:0.0,126
370641924,0/0/0_0:0:0.0,126
371651933,0/0/0_0:0:0.0,126
372661924,0/0/0_0:0:0.0,126
373671935,0/0/0_0:0:0.0,126
374681930,0/0/0_0:0:0.0,127
375691926,0/0/0_0:0:0.0,127
376711935,0/0/0_0:0:0.0,126
377721933,0/0/0_0:0:0.0,126
378731933,0/0/0_0:0:0.0,126
379741935,0/0/0_0:0:0.0,126
380751933,0/0/0_0:0:0.0,126
381771935,0/0/0_0:0:0.0,126
382781932,0/0/0_0:0:0.0,126
383791937,0/0/0_0:0:0.0,126
384801937,0/0/0_0:0:0.0,127
385811926,0/0/0_0:0:0.0,127
386821926,0/0/0_0:0:0.0,127
387827636,0/0/0_0:0:0.0,126
388841933,0/0/0_0:0:0.0,126
389851926,0/0/0_0:0:0.0,126
390861937,0/0/0_0:0:0.0,126
391871933,0/0/0_0:0:0.0,127
392881922,0/0/0_0:0:0.0,127
393891927,0/0/0_0:0:0.0,126
394901926,0/0/0_0:0:0.0,126
395911935,0/0/0_0:0:0.0,126
396921934,0/0/0_0:0:0.0,126
397941935,0/0/0_0:0:0.0,126
398951937,0/0/0_0:0:0.0,125
399971935,0/0/0_0:0:0.0,125
400981924,0/0/0_0:0:0.0,126
401991933,0/0/0_0:0:0.0,126
403001935,0/0/0_0:0:0.0,126
404011935,0/0/0_0:0:0.0,126
405021935,0/0/0_0:0:0.0,126
406031920,0/0/0_0:0:0.0,126
407041933,0/0/0_0:0:0.0,126
408051932,0/0/0_0:0:0.0,126
409061924,0/0/0_0:0:0.0,127
410071926,0/0/0_0:0:0.0,126
411091939,0/0/0_0:0:0.0,126
412101935,0/0/0_0:0:0.0,127
413111931,0/0/0_0:0:0.0,126
414121924,0/0/0_0:0:0.0,126
415131930,0/0/0_0:0:0.0,126
416141929,0/0/0_0:0:0.0,126
417151933,0/0/0_0:0:0.0,126
418161932,0/0/0_0:0:0.0,126
419171937,0/0/0_0:0:0.0,125
420177670,0/0/0_0:0:0.0,126
421191934,0/0/0_0:0:0.0,126
422201925,0/0/0_0:0:0.0,125
423211922,0/0/0_0:0:0.0,126
424221926,0/0/0_0:0:0.0,125
425231940,0/0/0_0:0:0.0,125
426241928,0/0/0_0:0:0.0,126
427251943,0/0/0_0:0:0.0,126
428261932,0/0/0_0:0:0.0,126
429271935,0/0/0_0:0:0.0,125
430281937,0/0/0_0:0:0.0,125
431291936,0/0/0_0:0:0.0,123
432311918,0/0/0_0:0:0.0,126
433321940,0/0/0_0:0:0.0,126
434331922,0/0/0_0:0:0.0,126
435341937,0/0/0_0:0:0.0,125
436351928,0/0/0_0:0:0.0,125
437361925,0/0/0_0:0:0.0,126
438371926,0/0/0_0:0:0.0,126
439381935,0/0/0_0:0:0.0,127
440391934,0/0/0_0:0:0.0,126
441411921,0/0/0_0:0:0.0,126
442421933,0/0/0_0:0:0.0,127
443431938,0/0/0_0:0:0.0,126
444441922,0/0/0_0:0:0.0,127
445451925,0/0/0_0:0:0.0,127
446461928,0/0/0_0:0:0.0,126
447471936,0/0/0_0:0:0.0,127
448481921,0/0/0_0:0:0.0,126
449491934,0/0/0_0:0:0.0,127
450501937,0/0/0_0:0:0.0,126
451511925,0/0/0_0:0:0.0,127
452521937,0/0/0_0:0:0.0,126
453541925,0/0/0_0:0:0.0,127
454551931,0/0/0_0:0:0.0,127
455561929,0/0/0_0:0:0.0,127
456571932,0/0/0_0:0:0.0,127
457581917,0/0/0_0:0:0.0,127
458591926,0/0/0_0:0:0.0,126
459601928,0/0/0_0:0:0.0,126
460611929,0/0/0_0:0:0.0,126
461621938,0/0/0_0:0:0.0,127
462631917,0/0/0_0:0:0.0,126
463641916,0/0/0_0:0:0.0,126
464651934,0/0/0_0:0:0.0,127
465661933,0/0/0_0:0:0.0,127
466671925,0/0/0_0:0:0.0,126
467681934,0/0/0_0:0:0.0,126
468691936,0/0/0_0:0:0.0,124
469711925,0/0/0_0:0:0.0,125
470721940,0/0/0_0:0:0.0,125
471731917,0/0/0_0:0:0.0,125
472741937,0/0/0_0:0:0.0,125
473751926,0/0/0_0:0:0.0,126
474771925,0/0/0_0:0:0.0,126
475781936,0/0/0_0:0:0.0,126
476791937,0/0/0_0:0:0.0,126
477801939,0/0/0_0:0:0.0,126
478811924,0/0/0_0:0:0.0,125
479817444,0/0/0_0:0:0.0,126
480831927,0/0/0_0:0:0.0,126
481851934,0/0/0_0:0:0.0,126
482861935,0/0/0_0:0:0.0,126
483871940,0/0/0_0:0:0.0,126
484881936,0/0/0_0:0:0.0,126
485887879,0/0/0_0:0:0.0,126
486901939,0/0/0_0:0:0.0,125
487911928,0/0/0_0:0:0.0,124
488931923,0/0/0_0:0:0.0,125
489941927,0/0/0_0:0:0.0,126
490951932,0/0/0_0:0:0.0,126
491961937,0/0/0_0:0:0.0,125
492971920,0/0/0_0:0:0.0,125
493991925,0/0/0_0:0:0.0,125
495001925,0/0/0_0:0:0.0,124
496011939,0/0/0_0:0:0.0,126
497021937,0/0/0_0:0:0.0,125
498031919,0/0/0_0:0:0.0,125
499041930,0/0/0_0:0:0.0,125
500051925,0/0/0_0:0:0.0,120
501071939,0/0/0_0:0:0.0,125
502081930,0/0/0_0:0:0.0,125
503101921,0/0/0_0:0:0.0,125
504111934,0/0/0_0:0:0.0,124
505121925,0/0/0_0:0:0.0,125
506131925,0/0/0_0:0:0.0,124
507137016,0/0/0_0:0:0.0,125
508151935,0/0/0_0:0:0.0,125
509161934,0/0/0_0:0:0.0,126
510171932,0/0/0_0:0:0.0,125
511181934,0/0/0_0:0:0.0,125
512201932,0/0/0_0:0:0.0,125
513211923,0/0/0_0:0:0.0,125
514221938,0/0/0_0:0:0.0,125
515231940,0/0/0_0:0:0.0,126
516241939,0/0/0_0:0:0.0,125
517261935,0/0/0_0:0:0.0,125
518271926,0/0/0_0:0:0.0,125
519281933,0/0/0_0:0:0.0,125
520291941,0/0/0_0:0:0.0,125
521301941,0/0/0_0:0:0.0,125
522321932,0/0/0_0:0:0.0,124
523331925,0/0/0_0:0:0.0,124
524351940,0/0/0_0:0:0.0,124
525361936,0/0/0_0:0:0.0,124
526371938,0/0/0_0:0:0.0,125
527381934,0/0/0_0:0:0.0,124
528391937,0/0/0_0:0:0.0,125
529401929,0/0/0_0:0:0.0,125
530411935,0/0/0_0:0:0.0,125
531421934,0/0/0_0:0:0.0,125
532431935,0/0/0_0:0:0.0,124
533441929,0/0/0_0:0:0.0,124
534451935,0/0/0_0:0:0.0,125
535461928,0/0/0_0:0:0.0,125
536471935,0/0/0_0:0:0.0,125
537481932,0/0/0_0:0:0.0,125
538491926,0/0/0_0:0:0.0,124
539501936,0/0/0_0:0:0.0,125
540511941,0/0/0_0:0:0.0,124
541521938,0/0/0_0:0:0.0,124
542531937,0/0/0_0:0:0.0,123
543541933,0/0/0_0:0:0.0,125
544548003,0/0/0_0:0:0.0,125
545561932,0/0/0_0:0:0.0,125
546571922,0/0/0_0:0:0.0,125
547581933,0/0/0_0:0:0.0,125
548591932,0/0/0_0:0:0.0,124
549597592,0/0/0_0:0:0.0,125
550611940,0/0/0_0:0:0.0,125
551621934,0/0/0_0:0:0.0,124
552641941,0/0/0_0:0:0.0,125
553651932,0/0/0_0:0:0.0,125
554661934,0/0/0_0:0:0.0,124
555671927,0/0/0_0:0:0.0,125
556681933,0/0/0_0:0:0.0,124
557701937,0/0/0_0:0:0.0,124
558711924,0/0/0_0:0:0.0,124
559721927,0/0/0_0:0:0.0,125
560731934,0/0/0_0:0:0.0,115
561737629,0/0/0_0:0:0.0,125
562751919,0/0/0_0:0:0.0,125
563761923,0/0/0_0:0:0.0,126
564781919,0/0/0_0:0:0.0,125
565791938,0/0/0_0:0:0.0,125
566811925,0/0/0_0:0:0.0,125
567827237,0/0/0_0:0:0.0,125
568837890,0/0/0_0:0:0.0,125
569881934,0/0/0_0:0:0.0,125
570911925,0/0/0_0:0:0.0,125
571981936,0/0/0_0:0:0.0,125
573001926,0/0/0_0:0:0.0,125
574021936,0/0/0_0:0:0.0,125
575031937,0/0/0_0:0:0.0,125
576051929,0/0/0_0:0:0.0,125
577061938,0/0/0_0:0:0.0,125
578071932,0/0/0_0:0:0.0,125
579081927,0/0/0_0:0:0.0,124
580091935,0/0/0_0:0:0.0,122
581111934,0/0/0_0:0:0.0,123
582121925,0/0/0_0:0:0.0,123
583131937,0/0/0_0:0:0.0,124
584141938,0/0/0_0:0:0.0,124
585161929,0/0/0_0:0:0.0,125
586181933,0/0/0_0:0:0.0,125
587201923,0/0/0_0:0:0.0,123
588211936,0/0/0_0:0:0.0,123
589231932,0/0/0_0:0:0.0,124
590241927,0/0/0_0:0:0.0,123
591251924,0/0/0_0:0:0.0,124
592261939,0/0/0_0:0:0.0,124
593281918,0/0/0_0:0:0.0,124
594301932,0/0/0_0:0:0.0,124
595311925,0/0/0_0:0:0.0,124
596331927,0/0/0_0:0:0.0,125
597341932,0/0/0_0:0:0.0,124
598361925,0/0/0_0:0:0.0,124
599371919,0/0/0_0:0:0.0,124
600391932,0/0/0_0:0:0.0,124
601401930,0/0/0_0:0:0.0,125
602411925,0/0/0_0:0:0.0,124
603431932,0/0/0_0:0:0.0,124
604441932,0/0/0_0:0:0.0,124
605461932,0/0/0_0:0:0.0,124
606481936,0/0/0_0:0:0.0,124
607491925,0/0/0_0:0:0.0,123
608501925,0/0/0_0:0:0.0,124
609511925,0/0/0_0:0:0.0,124
610531934,0/0/0_0:0:0.0,124
611541924,0/0/0_0:0:0.0,123
612551928,0/0/0_0:0:0.0,124
613561934,0/0/0_0:0:0.0,124
614581932,0/0/0_0:0:0.0,124
615601934,0/0/0_0:0:0.0,125
616611928,0/0/0_0:0:0.0,125
617621917,0/0/0_0:0:0.0,124
618631927,0/0/0_0:0:0.0,125
619641929,0/0/0_0:0:0.0,125
620661932,0/0/0_0:0:0.0,125
621671936,0/0/0_0:0:0.0,125
622951932,0/0/0_0:0:0.0,125
623971936,0/0/0_0:0:0.0,119
624981922,0/0/0_0:0:0.0,126
626001934,0/0/0_0:0:0.0,125
627011931,0/0/0_0:0:0.0,125
628021925,0/0/0_0:0:0.0,119
629031932,0/0/0_0:0:0.0,125
630038022,0/0/0_0:0:0.0,125
631051934,0/0/0_0:0:0.0,125
632061932,0/0/0_0:0:0.0,125
633081932,0/0/0_0:0:0.0,125
634091932,0/0/0_0:0:0.0,125
635101925,0/0/0_0:0:0.0,125
636121934,0/0/0_0:0:0.0,125
637127528,0/0/0_0:0:0.0,126
638141934,0/0/0_0:0:0.0,125
639151934,0/0/0_0:0:0.0,126
640171925,0/0/0_0:0:0.0,125
641191935,0/0/0_0:0:0.0,125
642201932,0/0/0_0:0:0.0,125
643221936,0/0/0_0:0:0.0,125
644241934,0/0/0_0:0:0.0,125
645251925,0/0/0_0:0:0.0,125
646261933,0/0/0_0:0:0.0,125
647281925,0/0/0_0:0:0.0,125
648301934,0/0/0_0:0:0.0,125
649321934,0/0/0_0:0:0.0,125
650331932,0/0/0_0:0:0.0,125
651341932,0/0/0_0:0:0.0,123
652351927,0/0/0_0:0:0.0,125
653371934,0/0/0_0:0:0.0,125
654381932,0/0/0_0:0:0.0,104
655391934,0/0/0_0:0:0.0,112
656411927,0/0/0_0:0:0.0,98
657421936,0/0/0_0:0:0.0,122
658431934,0/0/0_0:0:0.0,121
659441934,0/0/0_0:0:0.0,96
660451934,0/0/0_0:0:0.0,96
661471937,0/0/0_0:0:0.0,120
662481932,0/0/0_0:0:0.0,121
663501934,0/0/0_0:0:0.0,121
664521934,0/0/0_0:0:0.0,120
665531919,0/0/0_0:0:0.0,82
666541938,0/0/0_0:0:0.0,86
667551934,0/0/0_0:0:0.0,111
668571934,0/0/0_0:0:0.0,114
669581936,0/0/0_0:0:0.0,116
670591925,0/0/0_0:0:0.0,116
671601932,0/0/0_0:0:0.0,116
672621918,0/0/0_0:0:0.0,117
673641934,0/0/0_0:0:0.0,117
674651934,0/0/0_0:0:0.0,117
675661918,0/0/0_0:0:0.0,118
676681932,0/0/0_0:0:0.0,118
677691931,0/0/0_0:0:0.0,118
678711932,0/0/0_0:0:0.0,118
679721918,0/0/0_0:0:0.0,118
680741934,0/0/0_0:0:0.0,118
681751935,0/0/0_0:0:0.0,118
682761934,0/0/0_0:0:0.0,118
683771918,0/0/0_0:0:0.0,118
684791932,0/0/0_0:0:0.0,119
685811918,0/0/0_0:0:0.0,119
686821937,0/0/0_0:0:0.0,119
687841936,0/0/0_0:0:0.0,119
688851916,0/0/0_0:0:0.0,119
689861916,0/0/0_0:0:0.0,119
690881932,0/0/0_0:0:0.0,119
691901933,0/0/0_0:0:0.0,119
692921922,0/0/0_0:0:0.0,119
693931931,0/0/0_0:0:0.0,119
694941934,0/0/0_0:0:0.0,119
695951918,0/0/0_0:0:0.0,119
696971938,0/0/0_0:0:0.0,119
697991929,0/0/0_0:0:0.0,119
699001932,0/0/0_0:0:0.0,119
700011921,0/0/0_0:0:0.0,119
701021932,0/0/0_0:0:0.0,119
702031935,0/0/0_0:0:0.0,119
703051916,0/0/0_0:0:0.0,119
704071931,0/0/0_0:0:0.0,119
705081934,0/0/0_0:0:0.0,119
706411916,0/0/0_0:0:0.0,119
707421929,0/0/0_0:0:0.0,119
708441936,0/0/0_0:0:0.0,119
709451918,0/0/0_0:0:0.0,119
710461934,0/0/0_0:0:0.0,119
711471932,0/0/0_0:0:0.0,119
712481917,0/0/0_0:0:0.0,119
713501931,0/0/0_0:0:0.0,119
714511937,0/0/0_0:0:0.0,119
715531921,0/0/0_0:0:0.0,119
716551934,0/0/0_0:0:0.0,119
717557797,0/0/0_0:0:0.0,119
718571918,0/0/0_0:0:0.0,119
719581934,0/0/0_0:0:0.0,119
720601936,0/0/0_0:0:0.0,119
721621934,0/0/0_0:0:0.0,119
722631934,0/0/0_0:0:0.0,119
723651918,0/0/0_0:0:0.0,119
724661934,0/0/0_0:0:0.0,119
725681932,0/0/0_0:0:0.0,119
726691920,0/0/0_0:0:0.0,119
727711936,0/0/0_0:0:0.0,119
728731936,0/0/0_0:0:0.0,119
729741934,0/0/0_0:0:0.0,119
730761919,0/0/0_0:0:0.0,118
731781934,0/0/0_0:0:0.0,118
732791934,0/0/0_0:0:0.0,118
733811932,0/0/0_0:0:0.0,119
734831916,0/0/0_0:0:0.0,119
735851932,0/0/0_0:0:0.0,118
736871923,0/0/0_0:0:0.0,118
737891934,0/0/0_0:0:0.0,118
738911918,0/0/0_0:0:0.0,118
739931934,0/0/0_0:0:0.0,118
740951934,0/0/0_0:0:0.0,118
741961936,0/0/0_0:0:0.0,118
742981919,0/0/0_0:0:0.0,118
744001934,0/0/0_0:0:0.0,118
745021918,0/0/0_0:0:0.0,118
746041914,0/0/0_0:0:0.0,118
747061932,0/0/0_0:0:0.0,118
748081934,0/0/0_0:0:0.0,118
749091934,0/0/0_0:0:0.0,118
750111920,0/0/0_0:0:0.0,118
751131934,0/0/0_0:0:0.0,118
752151934,0/0/0_0:0:0.0,118
753171916,0/0/0_0:0:0.0,118
754191934,0/0/0_0:0:0.0,118
755211934,0/0/0_0:0:0.0,118
756231932,0/0/0_0:0:0.0,118
757241918,0/0/0_0:0:0.0,118
758251934,0/0/0_0:0:0.0,118
759271916,0/0/0_0:0:0.0,118
760291934,0/0/0_0:0:0.0,118
761311923,0/0/0_0:0:0.0,118
762351937,0/0/0_0:0:0.0,118
763371931,0/0/0_0:0:0.0,118
764381920,0/0/0_0:0:0.0,118
765401932,0/0/0_0:0:0.0,118
Time, Global Time,Voltage
µsec, lmao,V
1, 1,1.0000000
1000000, 1,10
942349,0/0/0_0:0:0.0,118
1951937,0/0/0_0:0:0.0,118
2971930,0/0/0_0:0:0.0,118
3991936,0/0/0_0:0:0.0,118
5011935,0/0/0_0:0:0.0,118
6021931,0/0/0_0:0:0.0,118
7031936,0/0/0_0:0:0.0,118
8051934,0/0/0_0:0:0.0,118
9071932,0/0/0_0:0:0.0,118
10081934,0/0/0_0:0:0.0,118
11101928,0/0/0_0:0:0.0,118
12121932,0/0/0_0:0:0.0,118
13131925,0/0/0_0:0:0.0,118
14151938,0/0/0_0:0:0.0,117
15161938,0/0/0_0:0:0.0,117
16181938,0/0/0_0:0:0.0,117
17191927,0/0/0_0:0:0.0,118
18211933,0/0/0_0:0:0.0,118
19231924,0/0/0_0:0:0.0,117
20251929,0/0/0_0:0:0.0,118
21261936,0/0/0_0:0:0.0,117
22281942,0/0/0_0:0:0.0,117
23301939,0/0/0_0:0:0.0,117
24321944,0/0/0_0:0:0.0,117
25341938,0/0/0_0:0:0.0,117
26641932,0/0/0_0:0:0.0,117
27651934,0/0/0_0:0:0.0,117
28661925,0/0/0_0:0:0.0,117
29681927,0/0/0_0:0:0.0,117
30701928,0/0/0_0:0:0.0,117
31721934,0/0/0_0:0:0.0,117
32741934,0/0/0_0:0:0.0,117
33761929,0/0/0_0:0:0.0,117
34781937,0/0/0_0:0:0.0,117
Time, Global Time,Voltage
µsec, lmao,V
1, 1,1.0000000
1000000, 1,10
939928,0/0/0_0:0:0.0,120
1951918,0/0/0_0:0:0.0,120
2971914,0/0/0_0:0:0.0,121
3981907,0/0/0_0:0:0.0,121
4991913,0/0/0_0:0:0.0,121
6011909,0/0/0_0:0:0.0,121
7031921,0/0/0_0:0:0.0,121
8051913,0/0/0_0:0:0.0,121
9061900,0/0/0_0:0:0.0,121
10071913,0/0/0_0:0:0.0,121
11091919,0/0/0_0:0:0.0,121
12101913,0/0/0_0:0:0.0,121
13121914,0/0/0_0:0:0.0,121
14141918,0/0/0_0:0:0.0,121
15161913,0/0/0_0:0:0.0,121
16181912,0/0/0_0:0:0.0,122
17201915,0/0/0_0:0:0.0,122
18221904,0/0/0_0:0:0.0,122
19241910,0/0/0_0:0:0.0,122
20271912,0/0/0_0:0:0.0,122
21291915,0/0/0_0:0:0.0,122
22311906,0/0/0_0:0:0.0,122
23331916,0/0/0_0:0:0.0,122
24341921,0/0/0_0:0:0.0,123
25361910,0/0/0_0:0:0.0,123
26381910,0/0/0_0:0:0.0,122
27397813,0/0/0_0:0:0.0,123
28411907,0/0/0_0:0:0.0,123
29431907,0/0/0_0:0:0.0,123
30451917,0/0/0_0:0:0.0,123
31471917,0/0/0_0:0:0.0,123
32491910,0/0/0_0:0:0.0,123
33511916,0/0/0_0:0:0.0,123
34531916,0/0/0_0:0:0.0,123
35551907,0/0/0_0:0:0.0,123
36571919,0/0/0_0:0:0.0,123
37591915,0/0/0_0:0:0.0,123
38611907,0/0/0_0:0:0.0,123
39651916,0/0/0_0:0:0.0,124
40691919,0/0/0_0:0:0.0,124
41731902,0/0/0_0:0:0.0,124
42791904,0/0/0_0:0:0.0,124
43811920,0/0/0_0:0:0.0,124
44831915,0/0/0_0:0:0.0,124
45851905,0/0/0_0:0:0.0,124
46871918,0/0/0_0:0:0.0,124
47891914,0/0/0_0:0:0.0,124
48911910,0/0/0_0:0:0.0,124
49931911,0/0/0_0:0:0.0,124
50951917,0/0/0_0:0:0.0,124
51971905,0/0/0_0:0:0.0,124
52991915,0/0/0_0:0:0.0,124
54001914,0/0/0_0:0:0.0,124
55021911,0/0/0_0:0:0.0,124
56041916,0/0/0_0:0:0.0,124
57051918,0/0/0_0:0:0.0,124
58071906,0/0/0_0:0:0.0,124
59091907,0/0/0_0:0:0.0,125
60111914,0/0/0_0:0:0.0,125
61131905,0/0/0_0:0:0.0,125
62151907,0/0/0_0:0:0.0,125
63171914,0/0/0_0:0:0.0,125
64191900,0/0/0_0:0:0.0,125
65211912,0/0/0_0:0:0.0,125
66231911,0/0/0_0:0:0.0,125
67251905,0/0/0_0:0:0.0,125
68267890,0/0/0_0:0:0.0,125
69281914,0/0/0_0:0:0.0,125
70301907,0/0/0_0:0:0.0,125
71321914,0/0/0_0:0:0.0,125
72341914,0/0/0_0:0:0.0,125
73361907,0/0/0_0:0:0.0,125
74381907,0/0/0_0:0:0.0,125
75401907,0/0/0_0:0:0.0,125
76421912,0/0/0_0:0:0.0,125
77831914,0/0/0_0:0:0.0,125
78851909,0/0/0_0:0:0.0,125
79871912,0/0/0_0:0:0.0,125
80891919,0/0/0_0:0:0.0,125
81911902,0/0/0_0:0:0.0,125
82931907,0/0/0_0:0:0.0,126
83951914,0/0/0_0:0:0.0,126
84971907,0/0/0_0:0:0.0,125
85991902,0/0/0_0:0:0.0,126
87011914,0/0/0_0:0:0.0,126
88031909,0/0/0_0:0:0.0,101
89051912,0/0/0_0:0:0.0,110
90071912,0/0/0_0:0:0.0,121
91091914,0/0/0_0:0:0.0,123
92111905,0/0/0_0:0:0.0,123
93131914,0/0/0_0:0:0.0,124
94151906,0/0/0_0:0:0.0,123
95171901,0/0/0_0:0:0.0,124
96191912,0/0/0_0:0:0.0,124
97211905,0/0/0_0:0:0.0,123
98231907,0/0/0_0:0:0.0,124
99251907,0/0/0_0:0:0.0,124
100271915,0/0/0_0:0:0.0,123
101291909,0/0/0_0:0:0.0,124
102311910,0/0/0_0:0:0.0,124
103331911,0/0/0_0:0:0.0,124
104351912,0/0/0_0:0:0.0,124
105371914,0/0/0_0:0:0.0,124
106391914,0/0/0_0:0:0.0,124
107411913,0/0/0_0:0:0.0,124
108431914,0/0/0_0:0:0.0,124
109451905,0/0/0_0:0:0.0,124
110471908,0/0/0_0:0:0.0,124
111491905,0/0/0_0:0:0.0,124
112511912,0/0/0_0:0:0.0,124
113531912,0/0/0_0:0:0.0,124
114551910,0/0/0_0:0:0.0,124
115571905,0/0/0_0:0:0.0,124
116591903,0/0/0_0:0:0.0,124
117611912,0/0/0_0:0:0.0,124
118631914,0/0/0_0:0:0.0,124
119651914,0/0/0_0:0:0.0,124
120671903,0/0/0_0:0:0.0,124
121691914,0/0/0_0:0:0.0,125
122711912,0/0/0_0:0:0.0,125
123731912,0/0/0_0:0:0.0,125
124751903,0/0/0_0:0:0.0,125
125771901,0/0/0_0:0:0.0,125
126791913,0/0/0_0:0:0.0,125
127811912,0/0/0_0:0:0.0,124
128831897,0/0/0_0:0:0.0,124
129851918,0/0/0_0:0:0.0,124
130871914,0/0/0_0:0:0.0,124
131891912,0/0/0_0:0:0.0,123
132941912,0/0/0_0:0:0.0,123
133961914,0/0/0_0:0:0.0,124
134981912,0/0/0_0:0:0.0,124
136001908,0/0/0_0:0:0.0,124
137021898,0/0/0_0:0:0.0,123
138041903,0/0/0_0:0:0.0,123
139061914,0/0/0_0:0:0.0,123
140081911,0/0/0_0:0:0.0,123
141101912,0/0/0_0:0:0.0,123
142121917,0/0/0_0:0:0.0,123
143141911,0/0/0_0:0:0.0,123
144161897,0/0/0_0:0:0.0,123
145181912,0/0/0_0:0:0.0,123
146201895,0/0/0_0:0:0.0,123
147221912,0/0/0_0:0:0.0,123
148241912,0/0/0_0:0:0.0,123
149261911,0/0/0_0:0:0.0,123
150281912,0/0/0_0:0:0.0,123
151301897,0/0/0_0:0:0.0,122
152321914,0/0/0_0:0:0.0,122
153341893,0/0/0_0:0:0.0,122
154361914,0/0/0_0:0:0.0,121
155381916,0/0/0_0:0:0.0,121
156401912,0/0/0_0:0:0.0,120
157421912,0/0/0_0:0:0.0,121
158441914,0/0/0_0:0:0.0,122
159461914,0/0/0_0:0:0.0,122
160711914,0/0/0_0:0:0.0,122
161731912,0/0/0_0:0:0.0,122
162751907,0/0/0_0:0:0.0,122
163771914,0/0/0_0:0:0.0,122
164791895,0/0/0_0:0:0.0,122
165811909,0/0/0_0:0:0.0,122
166831914,0/0/0_0:0:0.0,122
167851906,0/0/0_0:0:0.0,121
168871912,0/0/0_0:0:0.0,122
169891916,0/0/0_0:0:0.0,122
170911912,0/0/0_0:0:0.0,121
171931912,0/0/0_0:0:0.0,121
172951911,0/0/0_0:0:0.0,120
173971895,0/0/0_0:0:0.0,121
174991912,0/0/0_0:0:0.0,121
176011911,0/0/0_0:0:0.0,121
177031914,0/0/0_0:0:0.0,121
178051897,0/0/0_0:0:0.0,122
179071914,0/0/0_0:0:0.0,121
180091903,0/0/0_0:0:0.0,122
181111908,0/0/0_0:0:0.0,122
182131897,0/0/0_0:0:0.0,121
183151912,0/0/0_0:0:0.0,121
184171912,0/0/0_0:0:0.0,121
185191914,0/0/0_0:0:0.0,121
186211912,0/0/0_0:0:0.0,121
187231913,0/0/0_0:0:0.0,121
188251910,0/0/0_0:0:0.0,120
189271897,0/0/0_0:0:0.0,119
190291912,0/0/0_0:0:0.0,120
191311895,0/0/0_0:0:0.0,120
192331916,0/0/0_0:0:0.0,120
193351896,0/0/0_0:0:0.0,121
194367780,0/0/0_0:0:0.0,121
195381895,0/0/0_0:0:0.0,121
196401897,0/0/0_0:0:0.0,121
197421895,0/0/0_0:0:0.0,121
198441914,0/0/0_0:0:0.0,121
199461898,0/0/0_0:0:0.0,120
200481910,0/0/0_0:0:0.0,120
201501914,0/0/0_0:0:0.0,120
202521895,0/0/0_0:0:0.0,120
203541914,0/0/0_0:0:0.0,119
204561912,0/0/0_0:0:0.0,120
205581914,0/0/0_0:0:0.0,119
206601912,0/0/0_0:0:0.0,120
207621914,0/0/0_0:0:0.0,120
208641912,0/0/0_0:0:0.0,120
209657587,0/0/0_0:0:0.0,120
210671914,0/0/0_0:0:0.0,120
211691912,0/0/0_0:0:0.0,120
212711917,0/0/0_0:0:0.0,119
213731914,0/0/0_0:0:0.0,118
214751914,0/0/0_0:0:0.0,119
216011897,0/0/0_0:0:0.0,119
217031899,0/0/0_0:0:0.0,119
218051915,0/0/0_0:0:0.0,120
219071909,0/0/0_0:0:0.0,120
220091912,0/0/0_0:0:0.0,120
221111895,0/0/0_0:0:0.0,121
222131895,0/0/0_0:0:0.0,120
223151909,0/0/0_0:0:0.0,120
224171914,0/0/0_0:0:0.0,120
225191917,0/0/0_0:0:0.0,120
226211895,0/0/0_0:0:0.0,118
227231914,0/0/0_0:0:0.0,118
228251914,0/0/0_0:0:0.0,119
229271912,0/0/0_0:0:0.0,119
230291912,0/0/0_0:0:0.0,119
231311915,0/0/0_0:0:0.0,119
232331910,0/0/0_0:0:0.0,120
233351895,0/0/0_0:0:0.0,120
234371912,0/0/0_0:0:0.0,119
235391916,0/0/0_0:0:0.0,120
236411914,0/0/0_0:0:0.0,120
237431912,0/0/0_0:0:0.0,120
238451897,0/0/0_0:0:0.0,119
239471897,0/0/0_0:0:0.0,119
240491914,0/0/0_0:0:0.0,120
241511916,0/0/0_0:0:0.0,120
242531914,0/0/0_0:0:0.0,120
243551910,0/0/0_0:0:0.0,120
244571912,0/0/0_0:0:0.0,120
245591907,0/0/0_0:0:0.0,120
246611915,0/0/0_0:0:0.0,120
247631912,0/0/0_0:0:0.0,119
248651914,0/0/0_0:0:0.0,119
249671912,0/0/0_0:0:0.0,120
250691912,0/0/0_0:0:0.0,119
251707405,0/0/0_0:0:0.0,119
252721904,0/0/0_0:0:0.0,119
253741912,0/0/0_0:0:0.0,119
254761912,0/0/0_0:0:0.0,119
255781912,0/0/0_0:0:0.0,119
256801912,0/0/0_0:0:0.0,119
257821913,0/0/0_0:0:0.0,119
258841912,0/0/0_0:0:0.0,119
259861899,0/0/0_0:0:0.0,119
260881912,0/0/0_0:0:0.0,118
261901897,0/0/0_0:0:0.0,118
262921911,0/0/0_0:0:0.0,118
263941897,0/0/0_0:0:0.0,118
264961910,0/0/0_0:0:0.0,118
265977375,0/0/0_0:0:0.0,119
266991905,0/0/0_0:0:0.0,119
268011919,0/0/0_0:0:0.0,119
269031912,0/0/0_0:0:0.0,118
270051903,0/0/0_0:0:0.0,118
271231909,0/0/0_0:0:0.0,118
272251912,0/0/0_0:0:0.0,113
273271897,0/0/0_0:0:0.0,119
274291914,0/0/0_0:0:0.0,118
275311897,0/0/0_0:0:0.0,118
276331914,0/0/0_0:0:0.0,118
277351914,0/0/0_0:0:0.0,118
278371914,0/0/0_0:0:0.0,118
279391904,0/0/0_0:0:0.0,117
280411904,0/0/0_0:0:0.0,117
281431914,0/0/0_0:0:0.0,118
282451916,0/0/0_0:0:0.0,118
283471914,0/0/0_0:0:0.0,118
284491912,0/0/0_0:0:0.0,118
285511916,0/0/0_0:0:0.0,117
286531912,0/0/0_0:0:0.0,118
287551914,0/0/0_0:0:0.0,118
288571912,0/0/0_0:0:0.0,118
289591905,0/0/0_0:0:0.0,119
290611914,0/0/0_0:0:0.0,117
291631903,0/0/0_0:0:0.0,117
292651905,0/0/0_0:0:0.0,118
293671910,0/0/0_0:0:0.0,118
294691914,0/0/0_0:0:0.0,118
295711914,0/0/0_0:0:0.0,118
296731908,0/0/0_0:0:0.0,118
297751914,0/0/0_0:0:0.0,117
298771910,0/0/0_0:0:0.0,117
299791914,0/0/0_0:0:0.0,116
300811912,0/0/0_0:0:0.0,117
301831912,0/0/0_0:0:0.0,117
302851903,0/0/0_0:0:0.0,117
303871910,0/0/0_0:0:0.0,117
304891914,0/0/0_0:0:0.0,117
305911903,0/0/0_0:0:0.0,117
306931903,0/0/0_0:0:0.0,116
307951914,0/0/0_0:0:0.0,116
308971903,0/0/0_0:0:0.0,116
309991917,0/0/0_0:0:0.0,117
311011914,0/0/0_0:0:0.0,116
312031916,0/0/0_0:0:0.0,117
313071913,0/0/0_0:0:0.0,116
314141864,0/0/0_0:0:0.0,117
315181916,0/0/0_0:0:0.0,117
316201914,0/0/0_0:0:0.0,117
317221912,0/0/0_0:0:0.0,116
318241914,0/0/0_0:0:0.0,117
319261903,0/0/0_0:0:0.0,116
320281916,0/0/0_0:0:0.0,116
321301914,0/0/0_0:0:0.0,116
322316938,0/0/0_0:0:0.0,116
323331914,0/0/0_0:0:0.0,116
324351914,0/0/0_0:0:0.0,116
325462230,0/0/0_0:0:0.0,116
326711914,0/0/0_0:0:0.0,116
327731895,0/0/0_0:0:0.0,116
328751912,0/0/0_0:0:0.0,116
329771912,0/0/0_0:0:0.0,116
330791910,0/0/0_0:0:0.0,117
331811912,0/0/0_0:0:0.0,116
332831899,0/0/0_0:0:0.0,116
333851899,0/0/0_0:0:0.0,115
334871914,0/0/0_0:0:0.0,116
335891914,0/0/0_0:0:0.0,114
336911919,0/0/0_0:0:0.0,115
337931897,0/0/0_0:0:0.0,116
338951914,0/0/0_0:0:0.0,116
339971906,0/0/0_0:0:0.0,116
340991912,0/0/0_0:0:0.0,116
342011914,0/0/0_0:0:0.0,116
343031912,0/0/0_0:0:0.0,115
344051899,0/0/0_0:0:0.0,116
345071910,0/0/0_0:0:0.0,116
346101912,0/0/0_0:0:0.0,116
347121905,0/0/0_0:0:0.0,116
348141912,0/0/0_0:0:0.0,116
349161903,0/0/0_0:0:0.0,116
350181916,0/0/0_0:0:0.0,116
351201905,0/0/0_0:0:0.0,116
352221914,0/0/0_0:0:0.0,116
353241915,0/0/0_0:0:0.0,116
354261916,0/0/0_0:0:0.0,116
355281916,0/0/0_0:0:0.0,116
356301912,0/0/0_0:0:0.0,116
357321905,0/0/0_0:0:0.0,116
358341912,0/0/0_0:0:0.0,116
359361907,0/0/0_0:0:0.0,116
360381910,0/0/0_0:0:0.0,115
361401912,0/0/0_0:0:0.0,114
362421916,0/0/0_0:0:0.0,114
363441912,0/0/0_0:0:0.0,115
364461897,0/0/0_0:0:0.0,115
365481905,0/0/0_0:0:0.0,115
366501919,0/0/0_0:0:0.0,88
367521912,0/0/0_0:0:0.0,123
368541903,0/0/0_0:0:0.0,123
369561903,0/0/0_0:0:0.0,124
370581913,0/0/0_0:0:0.0,123
371601914,0/0/0_0:0:0.0,123
372621903,0/0/0_0:0:0.0,124
373641907,0/0/0_0:0:0.0,122
374661914,0/0/0_0:0:0.0,118
375681905,0/0/0_0:0:0.0,118
376701912,0/0/0_0:0:0.0,118
377721914,0/0/0_0:0:0.0,117
378741909,0/0/0_0:0:0.0,117
379761919,0/0/0_0:0:0.0,117
380781905,0/0/0_0:0:0.0,116
382161916,0/0/0_0:0:0.0,116
383181899,0/0/0_0:0:0.0,114
384201898,0/0/0_0:0:0.0,115
385221921,0/0/0_0:0:0.0,114
386241911,0/0/0_0:0:0.0,114
387261917,0/0/0_0:0:0.0,115
388281905,0/0/0_0:0:0.0,116
389301905,0/0/0_0:0:0.0,115
390321905,0/0/0_0:0:0.0,116
391341917,0/0/0_0:0:0.0,115
392361901,0/0/0_0:0:0.0,116
393381905,0/0/0_0:0:0.0,116
394401914,0/0/0_0:0:0.0,115
395421905,0/0/0_0:0:0.0,115
396441916,0/0/0_0:0:0.0,116
397461914,0/0/0_0:0:0.0,116
398481915,0/0/0_0:0:0.0,116
399501912,0/0/0_0:0:0.0,116
400521903,0/0/0_0:0:0.0,116
401541912,0/0/0_0:0:0.0,116
402561897,0/0/0_0:0:0.0,116
403581912,0/0/0_0:0:0.0,116
404601914,0/0/0_0:0:0.0,115
405621903,0/0/0_0:0:0.0,116
406641905,0/0/0_0:0:0.0,116
407661914,0/0/0_0:0:0.0,116
408681905,0/0/0_0:0:0.0,116
409701904,0/0/0_0:0:0.0,116
410721913,0/0/0_0:0:0.0,115
411741902,0/0/0_0:0:0.0,117
412761904,0/0/0_0:0:0.0,117
413781911,0/0/0_0:0:0.0,117
414801911,0/0/0_0:0:0.0,117
415821911,0/0/0_0:0:0.0,117
416841905,0/0/0_0:0:0.0,117
417861909,0/0/0_0:0:0.0,117
418881913,0/0/0_0:0:0.0,117
419901908,0/0/0_0:0:0.0,117
420921913,0/0/0_0:0:0.0,117
421941913,0/0/0_0:0:0.0,117
422961911,0/0/0_0:0:0.0,117
Time, Global Time,Voltage
µsec, lmao,V
1, 1,1.0000000
1000000, 1,10
950419,0/0/0_0:0:0.0,120
1961944,0/0/0_0:0:0.0,120
2981933,0/0/0_0:0:0.0,120
4001948,0/0/0_0:0:0.0,120
5021937,0/0/0_0:0:0.0,120
6041944,0/0/0_0:0:0.0,120
7061937,0/0/0_0:0:0.0,121
8081944,0/0/0_0:0:0.0,121
9101939,0/0/0_0:0:0.0,121
10121939,0/0/0_0:0:0.0,121
11141942,0/0/0_0:0:0.0,121
12161944,0/0/0_0:0:0.0,121
13181937,0/0/0_0:0:0.0,122
14201937,0/0/0_0:0:0.0,122
15231936,0/0/0_0:0:0.0,122
16251944,0/0/0_0:0:0.0,122
17271942,0/0/0_0:0:0.0,122
18291937,0/0/0_0:0:0.0,122
19311937,0/0/0_0:0:0.0,122
20327390,0/0/0_0:0:0.0,122
21341942,0/0/0_0:0:0.0,118
22361932,0/0/0_0:0:0.0,118
23381940,0/0/0_0:0:0.0,118
24401942,0/0/0_0:0:0.0,118
25421942,0/0/0_0:0:0.0,118
26441937,0/0/0_0:0:0.0,118
27461945,0/0/0_0:0:0.0,118
28481937,0/0/0_0:0:0.0,118
29501935,0/0/0_0:0:0.0,118
30521935,0/0/0_0:0:0.0,118
31541944,0/0/0_0:0:0.0,118
32561937,0/0/0_0:0:0.0,118
33581944,0/0/0_0:0:0.0,118
34601942,0/0/0_0:0:0.0,118
35621944,0/0/0_0:0:0.0,118
36641930,0/0/0_0:0:0.0,118
37661935,0/0/0_0:0:0.0,118
38681947,0/0/0_0:0:0.0,118
39701941,0/0/0_0:0:0.0,118
40731944,0/0/0_0:0:0.0,118
41751942,0/0/0_0:0:0.0,118
42771930,0/0/0_0:0:0.0,118
43791935,0/0/0_0:0:0.0,118
44811928,0/0/0_0:0:0.0,118
45827912,0/0/0_0:0:0.0,118
46841944,0/0/0_0:0:0.0,117
47861939,0/0/0_0:0:0.0,118
48881942,0/0/0_0:0:0.0,117
49901942,0/0/0_0:0:0.0,117
50921928,0/0/0_0:0:0.0,117
51941945,0/0/0_0:0:0.0,117
52961942,0/0/0_0:0:0.0,117
53981949,0/0/0_0:0:0.0,117
55001945,0/0/0_0:0:0.0,117
56021942,0/0/0_0:0:0.0,117
57041942,0/0/0_0:0:0.0,117
58061928,0/0/0_0:0:0.0,117
59081942,0/0/0_0:0:0.0,117
60101945,0/0/0_0:0:0.0,117
61121934,0/0/0_0:0:0.0,117
62141946,0/0/0_0:0:0.0,117
63161943,0/0/0_0:0:0.0,117
64181946,0/0/0_0:0:0.0,117
65201944,0/0/0_0:0:0.0,117
66221942,0/0/0_0:0:0.0,117
67241942,0/0/0_0:0:0.0,117
68261928,0/0/0_0:0:0.0,117
69281928,0/0/0_0:0:0.0,117
70301944,0/0/0_0:0:0.0,117
71321944,0/0/0_0:0:0.0,117
72341926,0/0/0_0:0:0.0,117
73361940,0/0/0_0:0:0.0,117
74381928,0/0/0_0:0:0.0,117
75401945,0/0/0_0:0:0.0,117
76421944,0/0/0_0:0:0.0,117
77441930,0/0/0_0:0:0.0,117
78461926,0/0/0_0:0:0.0,117
79481933,0/0/0_0:0:0.0,117
80501944,0/0/0_0:0:0.0,117
81521945,0/0/0_0:0:0.0,117
82541939,0/0/0_0:0:0.0,117
83561944,0/0/0_0:0:0.0,119
84581928,0/0/0_0:0:0.0,120
85601942,0/0/0_0:0:0.0,120
86621944,0/0/0_0:0:0.0,120
87641940,0/0/0_0:0:0.0,120
88661926,0/0/0_0:0:0.0,121
89681944,0/0/0_0:0:0.0,121
90701930,0/0/0_0:0:0.0,121
91721944,0/0/0_0:0:0.0,121
92741944,0/0/0_0:0:0.0,121
93761929,0/0/0_0:0:0.0,121
94781926,0/0/0_0:0:0.0,121
95801928,0/0/0_0:0:0.0,122
96821928,0/0/0_0:0:0.0,122
97841931,0/0/0_0:0:0.0,122
98861928,0/0/0_0:0:0.0,122
99881933,0/0/0_0:0:0.0,122
101201942,0/0/0_0:0:0.0,122
102221944,0/0/0_0:0:0.0,122
103241927,0/0/0_0:0:0.0,122
104261942,0/0/0_0:0:0.0,122
105281942,0/0/0_0:0:0.0,123
106301942,0/0/0_0:0:0.0,123
107321944,0/0/0_0:0:0.0,123
108341944,0/0/0_0:0:0.0,123
109361929,0/0/0_0:0:0.0,123
110381944,0/0/0_0:0:0.0,123
111401942,0/0/0_0:0:0.0,123
112421944,0/0/0_0:0:0.0,123
113441944,0/0/0_0:0:0.0,123
114461939,0/0/0_0:0:0.0,123
115481926,0/0/0_0:0:0.0,123
116501932,0/0/0_0:0:0.0,123
117521942,0/0/0_0:0:0.0,123
118541924,0/0/0_0:0:0.0,123
119561942,0/0/0_0:0:0.0,124
120581942,0/0/0_0:0:0.0,124
121601926,0/0/0_0:0:0.0,124
122621933,0/0/0_0:0:0.0,124
123641946,0/0/0_0:0:0.0,124
124661926,0/0/0_0:0:0.0,124
125681942,0/0/0_0:0:0.0,124
126701947,0/0/0_0:0:0.0,124
127721930,0/0/0_0:0:0.0,124
128741939,0/0/0_0:0:0.0,124
129761944,0/0/0_0:0:0.0,124
130791926,0/0/0_0:0:0.0,124
131811941,0/0/0_0:0:0.0,124
132831942,0/0/0_0:0:0.0,124
133851928,0/0/0_0:0:0.0,124
134871944,0/0/0_0:0:0.0,124
135891926,0/0/0_0:0:0.0,124
136911930,0/0/0_0:0:0.0,125
137931944,0/0/0_0:0:0.0,125
138951944,0/0/0_0:0:0.0,125
139971942,0/0/0_0:0:0.0,125
140991947,0/0/0_0:0:0.0,125
142011926,0/0/0_0:0:0.0,125
143031945,0/0/0_0:0:0.0,125
144051944,0/0/0_0:0:0.0,125
145071928,0/0/0_0:0:0.0,125
146091945,0/0/0_0:0:0.0,125
147111943,0/0/0_0:0:0.0,125
148131944,0/0/0_0:0:0.0,125
149151944,0/0/0_0:0:0.0,125
150171935,0/0/0_0:0:0.0,125
151191946,0/0/0_0:0:0.0,125
152211942,0/0/0_0:0:0.0,125
153231928,0/0/0_0:0:0.0,125
154251942,0/0/0_0:0:0.0,125
155271926,0/0/0_0:0:0.0,125
156291942,0/0/0_0:0:0.0,125
157741933,0/0/0_0:0:0.0,125
158761926,0/0/0_0:0:0.0,126
159781944,0/0/0_0:0:0.0,126
160801939,0/0/0_0:0:0.0,126
161821944,0/0/0_0:0:0.0,126
162841928,0/0/0_0:0:0.0,126
163861944,0/0/0_0:0:0.0,126
164881944,0/0/0_0:0:0.0,126
165901935,0/0/0_0:0:0.0,126
166921944,0/0/0_0:0:0.0,126
167941928,0/0/0_0:0:0.0,126
168961944,0/0/0_0:0:0.0,126
169981926,0/0/0_0:0:0.0,126
171031944,0/0/0_0:0:0.0,126
172111928,0/0/0_0:0:0.0,126
173151947,0/0/0_0:0:0.0,126
174181926,0/0/0_0:0:0.0,126
175201944,0/0/0_0:0:0.0,126
176221926,0/0/0_0:0:0.0,126
177241942,0/0/0_0:0:0.0,126
178261934,0/0/0_0:0:0.0,126
179281933,0/0/0_0:0:0.0,126
180301944,0/0/0_0:0:0.0,126
181321928,0/0/0_0:0:0.0,126
182341944,0/0/0_0:0:0.0,126
183361944,0/0/0_0:0:0.0,126
184381928,0/0/0_0:0:0.0,126
185403503,0/0/0_0:0:0.0,126
186421941,0/0/0_0:0:0.0,126
187441935,0/0/0_0:0:0.0,126
188461942,0/0/0_0:0:0.0,127
189481942,0/0/0_0:0:0.0,127
190501928,0/0/0_0:0:0.0,126
191521943,0/0/0_0:0:0.0,127
192541944,0/0/0_0:0:0.0,127
193561944,0/0/0_0:0:0.0,127
194581935,0/0/0_0:0:0.0,127
195601947,0/0/0_0:0:0.0,127
196621933,0/0/0_0:0:0.0,127
197641944,0/0/0_0:0:0.0,127
198661938,0/0/0_0:0:0.0,127
199681941,0/0/0_0:0:0.0,127
200701939,0/0/0_0:0:0.0,127
201721945,0/0/0_0:0:0.0,127
202741940,0/0/0_0:0:0.0,127
203761933,0/0/0_0:0:0.0,127
204781931,0/0/0_0:0:0.0,127
205801945,0/0/0_0:0:0.0,127
206821947,0/0/0_0:0:0.0,127
207841937,0/0/0_0:0:0.0,127
208861945,0/0/0_0:0:0.0,127
209881937,0/0/0_0:0:0.0,127
210901949,0/0/0_0:0:0.0,127
211921934,0/0/0_0:0:0.0,127
212941944,0/0/0_0:0:0.0,127
213961935,0/0/0_0:0:0.0,127
214981946,0/0/0_0:0:0.0,127
216001945,0/0/0_0:0:0.0,127
217017682,0/0/0_0:0:0.0,127
218031940,0/0/0_0:0:0.0,127
219051943,0/0/0_0:0:0.0,127
220071937,0/0/0_0:0:0.0,127
221091937,0/0/0_0:0:0.0,127
222111942,0/0/0_0:0:0.0,127
223131942,0/0/0_0:0:0.0,127
224151947,0/0/0_0:0:0.0,127
225171937,0/0/0_0:0:0.0,127
226191942,0/0/0_0:0:0.0,127
227211938,0/0/0_0:0:0.0,127
228231947,0/0/0_0:0:0.0,127
229251937,0/0/0_0:0:0.0,127
230271946,0/0/0_0:0:0.0,128
231291942,0/0/0_0:0:0.0,128
232311933,0/0/0_0:0:0.0,128
233331941,0/0/0_0:0:0.0,128
234351930,0/0/0_0:0:0.0,128
235371947,0/0/0_0:0:0.0,128
236391944,0/0/0_0:0:0.0,128
237411947,0/0/0_0:0:0.0,128
238431935,0/0/0_0:0:0.0,128
239451947,0/0/0_0:0:0.0,128
240471939,0/0/0_0:0:0.0,128
241491942,0/0/0_0:0:0.0,128
242521944,0/0/0_0:0:0.0,128
243541933,0/0/0_0:0:0.0,128
244561944,0/0/0_0:0:0.0,128
245581947,0/0/0_0:0:0.0,128
246601947,0/0/0_0:0:0.0,128
247621942,0/0/0_0:0:0.0,128
248641944,0/0/0_0:0:0.0,128
249661937,0/0/0_0:0:0.0,128
250681947,0/0/0_0:0:0.0,128
251701936,0/0/0_0:0:0.0,128
252721944,0/0/0_0:0:0.0,128
253741935,0/0/0_0:0:0.0,128
254761937,0/0/0_0:0:0.0,128
255781944,0/0/0_0:0:0.0,128
256801937,0/0/0_0:0:0.0,128
257821947,0/0/0_0:0:0.0,128
258841944,0/0/0_0:0:0.0,128
259861945,0/0/0_0:0:0.0,128
260881946,0/0/0_0:0:0.0,128
261901926,0/0/0_0:0:0.0,128
262921939,0/0/0_0:0:0.0,128
263941944,0/0/0_0:0:0.0,128
264961937,0/0/0_0:0:0.0,128
265981937,0/0/0_0:0:0.0,128
267001945,0/0/0_0:0:0.0,128
268021940,0/0/0_0:0:0.0,128
269041935,0/0/0_0:0:0.0,128
270061945,0/0/0_0:0:0.0,128
271081936,0/0/0_0:0:0.0,128
272101944,0/0/0_0:0:0.0,128
273121932,0/0/0_0:0:0.0,128
274141942,0/0/0_0:0:0.0,128
275161945,0/0/0_0:0:0.0,128
276181937,0/0/0_0:0:0.0,128
277201947,0/0/0_0:0:0.0,128
278221940,0/0/0_0:0:0.0,128
279241942,0/0/0_0:0:0.0,128
280261947,0/0/0_0:0:0.0,128
281281935,0/0/0_0:0:0.0,128
282301928,0/0/0_0:0:0.0,128
283321944,0/0/0_0:0:0.0,128
284341931,0/0/0_0:0:0.0,128
285361947,0/0/0_0:0:0.0,128
286381945,0/0/0_0:0:0.0,128
287401937,0/0/0_0:0:0.0,128
288421942,0/0/0_0:0:0.0,128
289441945,0/0/0_0:0:0.0,128
290461935,0/0/0_0:0:0.0,128
291481940,0/0/0_0:0:0.0,128
292501935,0/0/0_0:0:0.0,128
293521944,0/0/0_0:0:0.0,128
294541942,0/0/0_0:0:0.0,128
295561935,0/0/0_0:0:0.0,128
296581947,0/0/0_0:0:0.0,128
297601949,0/0/0_0:0:0.0,127
299071944,0/0/0_0:0:0.0,128
300091937,0/0/0_0:0:0.0,128
301111949,0/0/0_0:0:0.0,127
302131944,0/0/0_0:0:0.0,127
303151937,0/0/0_0:0:0.0,127
304171939,0/0/0_0:0:0.0,127
305191942,0/0/0_0:0:0.0,127
306211937,0/0/0_0:0:0.0,127
307231940,0/0/0_0:0:0.0,127
308251939,0/0/0_0:0:0.0,127
309271945,0/0/0_0:0:0.0,127
310291939,0/0/0_0:0:0.0,127
311311944,0/0/0_0:0:0.0,127
312331947,0/0/0_0:0:0.0,127
313351947,0/0/0_0:0:0.0,127
314371945,0/0/0_0:0:0.0,127
315391942,0/0/0_0:0:0.0,127
316411935,0/0/0_0:0:0.0,127
317431942,0/0/0_0:0:0.0,127
318451944,0/0/0_0:0:0.0,127
319471939,0/0/0_0:0:0.0,127
320491941,0/0/0_0:0:0.0,127
321511940,0/0/0_0:0:0.0,127
322531928,0/0/0_0:0:0.0,127
323551930,0/0/0_0:0:0.0,127
324571945,0/0/0_0:0:0.0,127
325591945,0/0/0_0:0:0.0,127
326611937,0/0/0_0:0:0.0,127
327631951,0/0/0_0:0:0.0,127
328651937,0/0/0_0:0:0.0,127
329671947,0/0/0_0:0:0.0,127
330691938,0/0/0_0:0:0.0,127
331711928,0/0/0_0:0:0.0,127
332731942,0/0/0_0:0:0.0,127
333751944,0/0/0_0:0:0.0,127
334771942,0/0/0_0:0:0.0,127
335791933,0/0/0_0:0:0.0,127
336811947,0/0/0_0:0:0.0,127
337841942,0/0/0_0:0:0.0,127
338861943,0/0/0_0:0:0.0,127
339881934,0/0/0_0:0:0.0,127
340901947,0/0/0_0:0:0.0,127
341921944,0/0/0_0:0:0.0,127
342941942,0/0/0_0:0:0.0,127
343961944,0/0/0_0:0:0.0,127
344981935,0/0/0_0:0:0.0,127
346001926,0/0/0_0:0:0.0,127
347021942,0/0/0_0:0:0.0,127
348041933,0/0/0_0:0:0.0,127
349057469,0/0/0_0:0:0.0,127
350081944,0/0/0_0:0:0.0,127
351101937,0/0/0_0:0:0.0,127
352121944,0/0/0_0:0:0.0,127
353141942,0/0/0_0:0:0.0,127
354161935,0/0/0_0:0:0.0,127
355181942,0/0/0_0:0:0.0,127
356201947,0/0/0_0:0:0.0,127
357221946,0/0/0_0:0:0.0,127
358251944,0/0/0_0:0:0.0,127
359271943,0/0/0_0:0:0.0,127
360291935,0/0/0_0:0:0.0,127
361311934,0/0/0_0:0:0.0,127
362331942,0/0/0_0:0:0.0,127
363351944,0/0/0_0:0:0.0,127
364371939,0/0/0_0:0:0.0,127
365391937,0/0/0_0:0:0.0,127
366411944,0/0/0_0:0:0.0,127
367431947,0/0/0_0:0:0.0,127
368451951,0/0/0_0:0:0.0,127
369471944,0/0/0_0:0:0.0,127
370491944,0/0/0_0:0:0.0,127
371511941,0/0/0_0:0:0.0,127
372531928,0/0/0_0:0:0.0,127
373551942,0/0/0_0:0:0.0,127
374571948,0/0/0_0:0:0.0,127
375591940,0/0/0_0:0:0.0,127
376611938,0/0/0_0:0:0.0,127
377631928,0/0/0_0:0:0.0,127
378651937,0/0/0_0:0:0.0,127
379671942,0/0/0_0:0:0.0,127
380691944,0/0/0_0:0:0.0,127
381711945,0/0/0_0:0:0.0,127
382731928,0/0/0_0:0:0.0,127
383751938,0/0/0_0:0:0.0,127
384771945,0/0/0_0:0:0.0,127
385791945,0/0/0_0:0:0.0,127
386811938,0/0/0_0:0:0.0,127
387831947,0/0/0_0:0:0.0,127
388851950,0/0/0_0:0:0.0,127
389871937,0/0/0_0:0:0.0,127
390891942,0/0/0_0:0:0.0,126
391911948,0/0/0_0:0:0.0,127
392931928,0/0/0_0:0:0.0,127
393951936,0/0/0_0:0:0.0,127
394971935,0/0/0_0:0:0.0,126
395991944,0/0/0_0:0:0.0,127
397011946,0/0/0_0:0:0.0,127
398031946,0/0/0_0:0:0.0,127
399051948,0/0/0_0:0:0.0,126
400071934,0/0/0_0:0:0.0,126
401091932,0/0/0_0:0:0.0,127
402111945,0/0/0_0:0:0.0,127
403131943,0/0/0_0:0:0.0,126
404151936,0/0/0_0:0:0.0,126
405171939,0/0/0_0:0:0.0,127
406191948,0/0/0_0:0:0.0,126
407211940,0/0/0_0:0:0.0,126
408231936,0/0/0_0:0:0.0,126
409251942,0/0/0_0:0:0.0,127
410271945,0/0/0_0:0:0.0,126
411291932,0/0/0_0:0:0.0,126
412491941,0/0/0_0:0:0.0,126
413511939,0/0/0_0:0:0.0,126
414531946,0/0/0_0:0:0.0,126
415551936,0/0/0_0:0:0.0,126
416571937,0/0/0_0:0:0.0,126
417601935,0/0/0_0:0:0.0,126
418621942,0/0/0_0:0:0.0,126
419641947,0/0/0_0:0:0.0,126
420671944,0/0/0_0:0:0.0,126
421691936,0/0/0_0:0:0.0,126
422711944,0/0/0_0:0:0.0,126
423731944,0/0/0_0:0:0.0,126
424751940,0/0/0_0:0:0.0,126
425771940,0/0/0_0:0:0.0,126
426791946,0/0/0_0:0:0.0,126
427811950,0/0/0_0:0:0.0,126
428831925,0/0/0_0:0:0.0,126
429851930,0/0/0_0:0:0.0,126
430881929,0/0/0_0:0:0.0,126
431901945,0/0/0_0:0:0.0,126
432921934,0/0/0_0:0:0.0,126
433941935,0/0/0_0:0:0.0,126
434961948,0/0/0_0:0:0.0,126
435981947,0/0/0_0:0:0.0,126
437001934,0/0/0_0:0:0.0,126
438021945,0/0/0_0:0:0.0,126
439041950,0/0/0_0:0:0.0,126
440061947,0/0/0_0:0:0.0,126
441091948,0/0/0_0:0:0.0,126
442111944,0/0/0_0:0:0.0,126
443131932,0/0/0_0:0:0.0,126
444151947,0/0/0_0:0:0.0,126
445171947,0/0/0_0:0:0.0,126
446191952,0/0/0_0:0:0.0,126
447211934,0/0/0_0:0:0.0,126
448231929,0/0/0_0:0:0.0,126
449252819,0/0/0_0:0:0.0,126
450321944,0/0/0_0:0:0.0,126
451361944,0/0/0_0:0:0.0,126
452421935,0/0/0_0:0:0.0,126
453441926,0/0/0_0:0:0.0,126
454461947,0/0/0_0:0:0.0,126
455481947,0/0/0_0:0:0.0,126
456501936,0/0/0_0:0:0.0,126
457521940,0/0/0_0:0:0.0,126
458551946,0/0/0_0:0:0.0,126
459571941,0/0/0_0:0:0.0,126
460591941,0/0/0_0:0:0.0,126
461611946,0/0/0_0:0:0.0,126
462631930,0/0/0_0:0:0.0,126
463651933,0/0/0_0:0:0.0,126
464671938,0/0/0_0:0:0.0,126
465691936,0/0/0_0:0:0.0,126
466711941,0/0/0_0:0:0.0,126
467731949,0/0/0_0:0:0.0,126
468821941,0/0/0_0:0:0.0,126
469841942,0/0/0_0:0:0.0,126
470861943,0/0/0_0:0:0.0,126
471881946,0/0/0_0:0:0.0,126
472901953,0/0/0_0:0:0.0,126
473921936,0/0/0_0:0:0.0,126
474941942,0/0/0_0:0:0.0,126
475957816,0/0/0_0:0:0.0,126
476981944,0/0/0_0:0:0.0,126
478001944,0/0/0_0:0:0.0,126
479021935,0/0/0_0:0:0.0,126
480041951,0/0/0_0:0:0.0,126
481061940,0/0/0_0:0:0.0,126
482081944,0/0/0_0:0:0.0,126
483101934,0/0/0_0:0:0.0,126
484117894,0/0/0_0:0:0.0,126
485141939,0/0/0_0:0:0.0,126
486161950,0/0/0_0:0:0.0,126
487181945,0/0/0_0:0:0.0,126
488201944,0/0/0_0:0:0.0,126
489221937,0/0/0_0:0:0.0,126
490251949,0/0/0_0:0:0.0,126
491271947,0/0/0_0:0:0.0,126
492291945,0/0/0_0:0:0.0,126
493311936,0/0/0_0:0:0.0,126
494331943,0/0/0_0:0:0.0,126
495351945,0/0/0_0:0:0.0,126
496371950,0/0/0_0:0:0.0,126
497661945,0/0/0_0:0:0.0,126
498681938,0/0/0_0:0:0.0,126
499701941,0/0/0_0:0:0.0,126
500721946,0/0/0_0:0:0.0,126
501741944,0/0/0_0:0:0.0,126
502761946,0/0/0_0:0:0.0,126
503791938,0/0/0_0:0:0.0,126
504811947,0/0/0_0:0:0.0,126
505831943,0/0/0_0:0:0.0,126
506851941,0/0/0_0:0:0.0,126
507871948,0/0/0_0:0:0.0,126
508891934,0/0/0_0:0:0.0,126
509921938,0/0/0_0:0:0.0,126
510941945,0/0/0_0:0:0.0,126
511961943,0/0/0_0:0:0.0,126
512991950,0/0/0_0:0:0.0,126
514011936,0/0/0_0:0:0.0,126
515031942,0/0/0_0:0:0.0,126
516051942,0/0/0_0:0:0.0,126
517071944,0/0/0_0:0:0.0,126
518091929,0/0/0_0:0:0.0,126
519111941,0/0/0_0:0:0.0,126
520131948,0/0/0_0:0:0.0,126
521151944,0/0/0_0:0:0.0,125
522171944,0/0/0_0:0:0.0,126
523191944,0/0/0_0:0:0.0,126
524211944,0/0/0_0:0:0.0,125
525231940,0/0/0_0:0:0.0,125
526261933,0/0/0_0:0:0.0,126
527281943,0/0/0_0:0:0.0,125
528301936,0/0/0_0:0:0.0,125
529331938,0/0/0_0:0:0.0,126
530351943,0/0/0_0:0:0.0,125
531371950,0/0/0_0:0:0.0,125
532401944,0/0/0_0:0:0.0,125
533421936,0/0/0_0:0:0.0,125
534441940,0/0/0_0:0:0.0,125
535471945,0/0/0_0:0:0.0,125
536491935,0/0/0_0:0:0.0,125
537511940,0/0/0_0:0:0.0,125
538541948,0/0/0_0:0:0.0,125
539561944,0/0/0_0:0:0.0,125
540581946,0/0/0_0:0:0.0,125
541611944,0/0/0_0:0:0.0,125
542631936,0/0/0_0:0:0.0,125
543651941,0/0/0_0:0:0.0,125
544681936,0/0/0_0:0:0.0,125
545701937,0/0/0_0:0:0.0,125
546721945,0/0/0_0:0:0.0,125
547741945,0/0/0_0:0:0.0,125
548761938,0/0/0_0:0:0.0,125
549781943,0/0/0_0:0:0.0,125
550801945,0/0/0_0:0:0.0,125
551821934,0/0/0_0:0:0.0,125
552841947,0/0/0_0:0:0.0,125
553861936,0/0/0_0:0:0.0,125
554881945,0/0/0_0:0:0.0,125
555901937,0/0/0_0:0:0.0,125
556921939,0/0/0_0:0:0.0,125
557941946,0/0/0_0:0:0.0,125
558961941,0/0/0_0:0:0.0,125
559981936,0/0/0_0:0:0.0,125
561011943,0/0/0_0:0:0.0,125
562031945,0/0/0_0:0:0.0,125
563051935,0/0/0_0:0:0.0,125
564071939,0/0/0_0:0:0.0,125
565091944,0/0/0_0:0:0.0,125
566111934,0/0/0_0:0:0.0,125
567141936,0/0/0_0:0:0.0,125
568161945,0/0/0_0:0:0.0,125
569181937,0/0/0_0:0:0.0,125
570211947,0/0/0_0:0:0.0,125
571231937,0/0/0_0:0:0.0,125
572261936,0/0/0_0:0:0.0,125
573281941,0/0/0_0:0:0.0,125
574301934,0/0/0_0:0:0.0,125
575321944,0/0/0_0:0:0.0,125
576341936,0/0/0_0:0:0.0,125
577361948,0/0/0_0:0:0.0,125
578381940,0/0/0_0:0:0.0,125
579401931,0/0/0_0:0:0.0,125
580431941,0/0/0_0:0:0.0,125
581447927,0/0/0_0:0:0.0,125
582501940,0/0/0_0:0:0.0,125
583521941,0/0/0_0:0:0.0,125
584541941,0/0/0_0:0:0.0,125
585561941,0/0/0_0:0:0.0,125
586581939,0/0/0_0:0:0.0,125
587611941,0/0/0_0:0:0.0,125
588631931,0/0/0_0:0:0.0,125
589651941,0/0/0_0:0:0.0,125
590681936,0/0/0_0:0:0.0,125
591701943,0/0/0_0:0:0.0,125
592721942,0/0/0_0:0:0.0,125
593741936,0/0/0_0:0:0.0,125
594761943,0/0/0_0:0:0.0,125
595781941,0/0/0_0:0:0.0,125
596801943,0/0/0_0:0:0.0,125
597831941,0/0/0_0:0:0.0,125
598851936,0/0/0_0:0:0.0,125
599871941,0/0/0_0:0:0.0,125
600901937,0/0/0_0:0:0.0,125
601921935,0/0/0_0:0:0.0,125
602941941,0/0/0_0:0:0.0,125
603961944,0/0/0_0:0:0.0,125
604981936,0/0/0_0:0:0.0,125
606001943,0/0/0_0:0:0.0,125
607021936,0/0/0_0:0:0.0,125
608051954,0/0/0_0:0:0.0,125
609071937,0/0/0_0:0:0.0,125
610261930,0/0/0_0:0:0.0,125
611671941,0/0/0_0:0:0.0,125
612691936,0/0/0_0:0:0.0,125
613721943,0/0/0_0:0:0.0,125
614741941,0/0/0_0:0:0.0,125
615761936,0/0/0_0:0:0.0,125
616791941,0/0/0_0:0:0.0,125
617811936,0/0/0_0:0:0.0,125
618831943,0/0/0_0:0:0.0,125
619861939,0/0/0_0:0:0.0,125
620879513,0/0/0_0:0:0.0,125
621901948,0/0/0_0:0:0.0,125
622921941,0/0/0_0:0:0.0,125
623941944,0/0/0_0:0:0.0,124
624961941,0/0/0_0:0:0.0,125
625981934,0/0/0_0:0:0.0,125
627011941,0/0/0_0:0:0.0,124
628031936,0/0/0_0:0:0.0,124
629051938,0/0/0_0:0:0.0,125
630081941,0/0/0_0:0:0.0,124
631101943,0/0/0_0:0:0.0,124
632131940,0/0/0_0:0:0.0,124
633151936,0/0/0_0:0:0.0,124
634171946,0/0/0_0:0:0.0,124
635191933,0/0/0_0:0:0.0,124
636211939,0/0/0_0:0:0.0,124
637241938,0/0/0_0:0:0.0,124
638261939,0/0/0_0:0:0.0,124
639281941,0/0/0_0:0:0.0,124
640311936,0/0/0_0:0:0.0,124
641331943,0/0/0_0:0:0.0,124
642351937,0/0/0_0:0:0.0,124
643381943,0/0/0_0:0:0.0,124
644401938,0/0/0_0:0:0.0,124
645421941,0/0/0_0:0:0.0,124
646451929,0/0/0_0:0:0.0,124
647471947,0/0/0_0:0:0.0,124
648491934,0/0/0_0:0:0.0,124
649521944,0/0/0_0:0:0.0,124
650541941,0/0/0_0:0:0.0,124
651561934,0/0/0_0:0:0.0,124
652581943,0/0/0_0:0:0.0,124
653601936,0/0/0_0:0:0.0,124
654621941,0/0/0_0:0:0.0,124
655651931,0/0/0_0:0:0.0,124
656671940,0/0/0_0:0:0.0,124
657691937,0/0/0_0:0:0.0,124
658711936,0/0/0_0:0:0.0,124
659731943,0/0/0_0:0:0.0,124
660751929,0/0/0_0:0:0.0,124
661781944,0/0/0_0:0:0.0,124
662801925,0/0/0_0:0:0.0,124
663831933,0/0/0_0:0:0.0,124
664851945,0/0/0_0:0:0.0,124
665871931,0/0/0_0:0:0.0,124
666891941,0/0/0_0:0:0.0,124
667921927,0/0/0_0:0:0.0,124
668941941,0/0/0_0:0:0.0,124
669961940,0/0/0_0:0:0.0,124
670981925,0/0/0_0:0:0.0,124
672001944,0/0/0_0:0:0.0,124
673021927,0/0/0_0:0:0.0,124
674051927,0/0/0_0:0:0.0,124
675071943,0/0/0_0:0:0.0,124
676101941,0/0/0_0:0:0.0,124
677121946,0/0/0_0:0:0.0,124
678141941,0/0/0_0:0:0.0,124
679161925,0/0/0_0:0:0.0,124
680181945,0/0/0_0:0:0.0,124
681201941,0/0/0_0:0:0.0,124
682221946,0/0/0_0:0:0.0,124
683241944,0/0/0_0:0:0.0,124
684261928,0/0/0_0:0:0.0,124
685281943,0/0/0_0:0:0.0,124
686301928,0/0/0_0:0:0.0,124
687331932,0/0/0_0:0:0.0,124
688351944,0/0/0_0:0:0.0,124
689371941,0/0/0_0:0:0.0,124
690401943,0/0/0_0:0:0.0,124
691421929,0/0/0_0:0:0.0,124
692441928,0/0/0_0:0:0.0,124
693471924,0/0/0_0:0:0.0,124
694491930,0/0/0_0:0:0.0,124
695521939,0/0/0_0:0:0.0,124
696541939,0/0/0_0:0:0.0,124
697561946,0/0/0_0:0:0.0,124
698581944,0/0/0_0:0:0.0,124
699611941,0/0/0_0:0:0.0,124
700641944,0/0/0_0:0:0.0,124
701661944,0/0/0_0:0:0.0,124
702681932,0/0/0_0:0:0.0,124
703711936,0/0/0_0:0:0.0,124
704731925,0/0/0_0:0:0.0,124
705751943,0/0/0_0:0:0.0,124
706771941,0/0/0_0:0:0.0,124
707791928,0/0/0_0:0:0.0,124
708811939,0/0/0_0:0:0.0,124
709831946,0/0/0_0:0:0.0,123
710861939,0/0/0_0:0:0.0,124
711891929,0/0/0_0:0:0.0,123
712911941,0/0/0_0:0:0.0,123
713941941,0/0/0_0:0:0.0,123
714961944,0/0/0_0:0:0.0,123
715991941,0/0/0_0:0:0.0,123
717011941,0/0/0_0:0:0.0,123
718031944,0/0/0_0:0:0.0,123
719051928,0/0/0_0:0:0.0,123
720071946,0/0/0_0:0:0.0,123
721101943,0/0/0_0:0:0.0,123
722121941,0/0/0_0:0:0.0,123
723181925,0/0/0_0:0:0.0,123
724201941,0/0/0_0:0:0.0,123
725221943,0/0/0_0:0:0.0,123
726251944,0/0/0_0:0:0.0,123
727281941,0/0/0_0:0:0.0,123
728301942,0/0/0_0:0:0.0,123
729331928,0/0/0_0:0:0.0,123
730361931,0/0/0_0:0:0.0,123
731391943,0/0/0_0:0:0.0,123
732421941,0/0/0_0:0:0.0,123
733441927,0/0/0_0:0:0.0,123
734461941,0/0/0_0:0:0.0,123
735551944,0/0/0_0:0:0.0,123
736601941,0/0/0_0:0:0.0,123
737641932,0/0/0_0:0:0.0,123
738681943,0/0/0_0:0:0.0,123
739711941,0/0/0_0:0:0.0,123
740731925,0/0/0_0:0:0.0,123
741761943,0/0/0_0:0:0.0,123
742781941,0/0/0_0:0:0.0,123
743811941,0/0/0_0:0:0.0,123
744841925,0/0/0_0:0:0.0,123
745871927,0/0/0_0:0:0.0,123
746891942,0/0/0_0:0:0.0,123
747921946,0/0/0_0:0:0.0,123
748941925,0/0/0_0:0:0.0,123
749961939,0/0/0_0:0:0.0,123
750991941,0/0/0_0:0:0.0,123
752501941,0/0/0_0:0:0.0,123
753521940,0/0/0_0:0:0.0,123
754551945,0/0/0_0:0:0.0,123
755581941,0/0/0_0:0:0.0,123
756601927,0/0/0_0:0:0.0,123
757631930,0/0/0_0:0:0.0,123
758661925,0/0/0_0:0:0.0,123
759691943,0/0/0_0:0:0.0,123
760721946,0/0/0_0:0:0.0,123
761751942,0/0/0_0:0:0.0,123
762771926,0/0/0_0:0:0.0,123
763801943,0/0/0_0:0:0.0,123
764827245,0/0/0_0:0:0.0,123
765851941,0/0/0_0:0:0.0,123
766871925,0/0/0_0:0:0.0,123
767901943,0/0/0_0:0:0.0,123
768931941,0/0/0_0:0:0.0,123
769961944,0/0/0_0:0:0.0,123
770991941,0/0/0_0:0:0.0,123
772021925,0/0/0_0:0:0.0,123
773051925,0/0/0_0:0:0.0,123
774081927,0/0/0_0:0:0.0,123
775111943,0/0/0_0:0:0.0,123
776141943,0/0/0_0:0:0.0,123
777171944,0/0/0_0:0:0.0,123
778201941,0/0/0_0:0:0.0,123
779231944,0/0/0_0:0:0.0,123
780261943,0/0/0_0:0:0.0,122
781281929,0/0/0_0:0:0.0,123
782311925,0/0/0_0:0:0.0,123
783341941,0/0/0_0:0:0.0,123
784371941,0/0/0_0:0:0.0,123
785401941,0/0/0_0:0:0.0,123
786431941,0/0/0_0:0:0.0,123
787461943,0/0/0_0:0:0.0,122
788491925,0/0/0_0:0:0.0,122
789521928,0/0/0_0:0:0.0,122
790551930,0/0/0_0:0:0.0,123
791581945,0/0/0_0:0:0.0,122
792611946,0/0/0_0:0:0.0,122
793641943,0/0/0_0:0:0.0,122
794671941,0/0/0_0:0:0.0,122
795701941,0/0/0_0:0:0.0,122
796721942,0/0/0_0:0:0.0,122
797741925,0/0/0_0:0:0.0,122
798771944,0/0/0_0:0:0.0,122
799801943,0/0/0_0:0:0.0,122
800831946,0/0/0_0:0:0.0,122
801857999,0/0/0_0:0:0.0,122
802881929,0/0/0_0:0:0.0,122
803911925,0/0/0_0:0:0.0,122
804941927,0/0/0_0:0:0.0,122
805971943,0/0/0_0:0:0.0,122
807001941,0/0/0_0:0:0.0,122
808031925,0/0/0_0:0:0.0,122
809061941,0/0/0_0:0:0.0,122
810081946,0/0/0_0:0:0.0,122
811101928,0/0/0_0:0:0.0,122
812131943,0/0/0_0:0:0.0,122
813161944,0/0/0_0:0:0.0,122
814191941,0/0/0_0:0:0.0,122
815221944,0/0/0_0:0:0.0,122
816251941,0/0/0_0:0:0.0,122
817281927,0/0/0_0:0:0.0,122
818311938,0/0/0_0:0:0.0,122
819341941,0/0/0_0:0:0.0,122
820371944,0/0/0_0:0:0.0,122
821391927,0/0/0_0:0:0.0,122
822421942,0/0/0_0:0:0.0,122
823451944,0/0/0_0:0:0.0,122
824481943,0/0/0_0:0:0.0,122
825511943,0/0/0_0:0:0.0,122
826541941,0/0/0_0:0:0.0,122
827571927,0/0/0_0:0:0.0,122
828601943,0/0/0_0:0:0.0,122
829631941,0/0/0_0:0:0.0,122
830661944,0/0/0_0:0:0.0,122
831691941,0/0/0_0:0:0.0,122
832721942,0/0/0_0:0:0.0,122
833741939,0/0/0_0:0:0.0,122
834761930,0/0/0_0:0:0.0,122
835791929,0/0/0_0:0:0.0,122
836821928,0/0/0_0:0:0.0,122
837851941,0/0/0_0:0:0.0,122
838881946,0/0/0_0:0:0.0,122
839911939,0/0/0_0:0:0.0,122
840941941,0/0/0_0:0:0.0,122
841971941,0/0/0_0:0:0.0,122
842991941,0/0/0_0:0:0.0,122
844021949,0/0/0_0:0:0.0,122
845051939,0/0/0_0:0:0.0,122
846071927,0/0/0_0:0:0.0,122
847101929,0/0/0_0:0:0.0,122
848131943,0/0/0_0:0:0.0,122
849161944,0/0/0_0:0:0.0,122
850191941,0/0/0_0:0:0.0,122
851211927,0/0/0_0:0:0.0,122
852241944,0/0/0_0:0:0.0,122
853271943,0/0/0_0:0:0.0,121
854301940,0/0/0_0:0:0.0,122
855331934,0/0/0_0:0:0.0,121
856361932,0/0/0_0:0:0.0,122
857391934,0/0/0_0:0:0.0,121
858421932,0/0/0_0:0:0.0,121
859451939,0/0/0_0:0:0.0,121
860481944,0/0/0_0:0:0.0,121
861511943,0/0/0_0:0:0.0,121
862541934,0/0/0_0:0:0.0,121
863571936,0/0/0_0:0:0.0,121
864601936,0/0/0_0:0:0.0,121
865931934,0/0/0_0:0:0.0,121
866961941,0/0/0_0:0:0.0,121
867991946,0/0/0_0:0:0.0,121
869021941,0/0/0_0:0:0.0,121
870051946,0/0/0_0:0:0.0,121
871071942,0/0/0_0:0:0.0,121
872101946,0/0/0_0:0:0.0,121
873121946,0/0/0_0:0:0.0,121
874141942,0/0/0_0:0:0.0,121
875171936,0/0/0_0:0:0.0,121
876201946,0/0/0_0:0:0.0,121
877231944,0/0/0_0:0:0.0,121
878261946,0/0/0_0:0:0.0,121
879291941,0/0/0_0:0:0.0,121
880317691,0/0/0_0:0:0.0,121
881341940,0/0/0_0:0:0.0,121
882361941,0/0/0_0:0:0.0,121
883391936,0/0/0_0:0:0.0,121
884421936,0/0/0_0:0:0.0,121
885451936,0/0/0_0:0:0.0,121
886481934,0/0/0_0:0:0.0,121
887511944,0/0/0_0:0:0.0,121
888541944,0/0/0_0:0:0.0,121
889571940,0/0/0_0:0:0.0,121
890591934,0/0/0_0:0:0.0,121
891621936,0/0/0_0:0:0.0,121
892651941,0/0/0_0:0:0.0,121
893681946,0/0/0_0:0:0.0,121
894711946,0/0/0_0:0:0.0,121
895741939,0/0/0_0:0:0.0,121
896771934,0/0/0_0:0:0.0,121
897801934,0/0/0_0:0:0.0,121
898831937,0/0/0_0:0:0.0,121
899861943,0/0/0_0:0:0.0,121
900891936,0/0/0_0:0:0.0,121
901921926,0/0/0_0:0:0.0,121
902951940,0/0/0_0:0:0.0,121
903981934,0/0/0_0:0:0.0,121
905011943,0/0/0_0:0:0.0,121
906031944,0/0/0_0:0:0.0,121
907061935,0/0/0_0:0:0.0,121
908091930,0/0/0_0:0:0.0,121
909121935,0/0/0_0:0:0.0,121
910151932,0/0/0_0:0:0.0,121
911181936,0/0/0_0:0:0.0,121
912211946,0/0/0_0:0:0.0,120
913241946,0/0/0_0:0:0.0,121
914271944,0/0/0_0:0:0.0,120
915291936,0/0/0_0:0:0.0,120
